school	count
早稻田	1
南开大学英语系	1
湖南长沙学院	1
Gregory-Portland High School	1
韩国外侨学校(KFS)	1
南京艺术学院	1
USC	1
东首尔大学	1
日本大学	1
韩国檀国大学	1
香港圣士提反女子中学	1
台湾政治大学	1
申兴大学保健行政学科	1
明治大学附属中野高等学校（中退）	1
利兹大学纺织管理系一年级	1
拉斯维加斯艺术学院	1
日本磐田东高等学校	1
中央音乐学院歌剧系	1
东京女学馆高等部	1
早稻田大学文学部	1
浙江工业大学翻译专业	1
日本洼田理容美容专门学校	1
广告系	1
纽约大学艺术行政硕士	1
河北大学	1
江西教育学院	1
杭州大学成人教育学院	1
加拿大温斯顿爵士邱吉尔中等学校	1
日本播音演技研究所附属养成所	1
美国密歇根大学	1
St.George's School of Montreal	1
成城学园（初中	1
泰国商会大学	1
台湾淡江大学西语系	1
都立水元高中（高二休学）	1
中央大学第一校区（首尔）戏剧专业	1
上海曲艺剧团学馆	1
美术系	1
东京都立北园高等学校肄业	1
明知大学电影音乐剧学系	1
美国加利福尼亚洲大学	1
韩国仁川世元高中	1
伊顿公学	1
韩国艺术综合大学	1
韩国艺术综合大学表演系（退学）	1
西安工程技师学院	1
中国音乐学院（硕士）	1
北京师范大学	1
英迪国际大学	1
Salem High School	1
上海戏剧学院附属戏曲学校	1
加拿大约克大学	1
南洋理工大学	1
湘潭大学环境与资源学院2015级（就读中）	1
陕西省艺术学校	1
郑州轻工业学院	1
上海戏剧学院2001级表演系	1
庆熙大学言论情报大学院	1
中央戏剧学院表演系本科96班	1
Alberta College of Art and Design（Calgary）	1
桐朋学园音乐部	1
梅布尔园高中	1
法国圣德尼大学	1
日本大阪艺术大学	1
韩国第六理工大学（?????6??）龟尾校区机械工程系	1
娱乐传媒总合学院	1
贵州民族学院	1
内蒙古师范大学新闻采编与制作专业	1
韩国中央大学戏剧电影系（10级）	1
明知专门大学 中途退学	1
加州州立理工大学	1
美国哥伦比亚大学	1
上海越剧院	1
延世大学建筑学系	1
日本播音演技研究所（第11届毕业）	1
中南财经政法大学	1
艺术大学声乐	1
约布鲁克林“法兰克林”中学	1
佛州凯霍加山谷基督教学校	1
心鞠亓⑷缮高等学校	1
武汉大学	1
中国音乐学院附中	1
东国大学戏剧电影系（就读中）	1
韩国国民大学戏剧电影系	1
明尼苏达大学卡尔森管理学院	1
韩国世翰大学	1
北京大学	1
美国伯克利音乐学院	1
数位首尔文化艺术大学	1
重庆大学美视电影学院	1
东海大学附属望星高校	1
嘉义市神州高中补校	1
BuRam高中	1
庆州大学酒店经营学	1
又松情报大学	1
香港演艺学院舞蹈系	1
上海戏剧学院电视艺术系	1
韩国体育大学	1
澳大利亚悉尼大学	1
浙江大学茶学系	1
八云学园	1
廖宝珊纪念书院	1
University of North Texas（北德克萨斯州大学）	1
广东星海音乐学院	1
武汉体育学院体育舞蹈专业	1
亲民技术学院二技进修部	1
山东鲁西南艺术学院	1
吉林师范大学附属学校	1
台东高级商业职业学校	1
日本大学文理学部社会学科（中途退学）	1
美国普鲁菲逊学校	1
内蒙古大学艺术学院	1
东京成德短期大学	1
诗纳卡宁威洛大学	1
日本大学艺术学部演剧科	1
仁德大学放送演艺专业	1
兵库县芦屋高等学校	1
陕西师范大学音乐学院	1
沈阳大学（王小海），沈阳音乐学院（王小玮）	1
泰国曼谷大学传播学院广告系	1
首尔翰林艺术高中（就读中）	1
巴黎卢浮宫学院（?cole du Louvre）	1
湖南大众传媒学院	1
俳协语音工作室	1
西安航空职业技术学院	1
迈阿密珊瑚公园高中	1
日本大学艺术部	1
四川外国语大学成都学院	1
嘉诺撒圣心商学书院	1
英国波斯顿大学	1
泉州七中	1
迈阿密大学	1
庆熙大学/建国大学/仁荷大学	1
大连艺术学院	1
福冈第一商业高等学校	1
香港大学	1
日出女子学园高等学校（中途退学）	1
青二塾东京校（25期毕业生）	1
易三仓大学	1
青山学院女子短期大学	1
视觉系摇滚乐团	1
大阪艺术大学	1
东京音乐大学	1
韩国仁荷大学艺术体育学院	1
爱尔兰国立大学（荣誉博士）	1
沈阳音乐学院-影视表演系	1
士官学校	1
品川女子学院	1
北京外国语大学	1
燕山大学计算机系	1
私立嘉南药理专科学校	1
辽宁财贸学院	1
波士顿Tuffs大学	1
加利福尼亚大学洛杉矶分校―舞蹈和通讯学学士(休学)	1
武汉音乐学院（本科）	1
台湾大学外文系肄业	1
中国科技大学(台湾)（原名为：中国市政专科学校）	1
美国加州大学IRVINE分校生物系	1
波拉瑞斯高中	1
国立成功大学	1
上海市东辉职业技术学校	1
中国音乐学院进修声乐	1
约翰・霍普金斯大学	1
基辅音乐学院 利先科音乐学院	1
东京都立向丘高等学校	1
EXPG大阪校	1
中南林业科技大学	1
天津市耀华中学	1
台北市立松山高级商业家事职业学校广告设计科	1
政治外交学硕士研究生(后退学)	1
国立嘉义技术学院农业经济系	1
Juilliard School	1
北海道札幌北陵高等学校	1
北京电影学院进修	1
东亚放送艺术学院实用音乐系	1
新疆警察学院	1
重庆市歌舞团	1
自由之森学园高等学校	1
洗足学园音乐大学声乐学科	1
东国大学表演艺术学硕士（在读）	1
韩国大庆大学实用音乐系	1
汉城艺术大学	1
神跏辛⒈旧街醒校	1
台湾实践学院	1
Pro・Fit声优养成所	1
国民大学演剧电影科	1
竹东高级中学	1
韩国映像大学演技专业	1
Dick Grove School of Music	1
沈阳外事服务学校	1
首尔翰林艺术高中（已毕业）	1
东首尔大学戏剧艺术学系	1
澳洲科技大学	1
湖南师范学院	1
新竹私立明新工业专科学校	1
首尔艺术大学（学士）	1
延边大学舞蹈系	1
SAE College Sydney	1
日本中央大学法学部	1
北京航空航天大学	1
南投三育基督学院	1
香港崇文英文书院	1
日本大学音乐学院	1
明治大学付属中野高等学校	1
费拉青训	1
日本大学文理学部哲学科	1
中央音乐学院	1
亚凯迪亚高中（Arcadia High School）10年级	1
西北政法大学	1
兰实大学管理系	1
韩国弘益大学艺术系	1
星海音乐学院流行音乐演唱系	1
电影学院	1
中央戏曲学院	1
华中科技大学	1
中北国际演艺专修学校	1
圣约翰大学	1
加拿大维多利亚大学	1
德明财经科技大学	1
安徽省艺术学校	1
上海戏剧学院12级木偶表演系	1
美国肯特州立大学	1
窃白ㄒ荡笱в锥教育学系	1
四川外国语大学重庆南方翻译学院	1
日本大学艺术学部演剧学科	1
国立中兴高级中学	1
台湾辅仁大学数学系，加州州立大学	1
孟菲斯大学	1
中国台湾明道大学	1
巴黎音乐学院	1
京畿高中，庆南大学视觉设计系	1
伦敦大学	1
庆应义塾大学法学部	1
John C. Fremont High School	1
中央戏剧学院进修	1
莱内尔高中	1
美国加州大学洛杉矶分校文化人类学系	1
南京大学外国语学院	1
国立云林科技大学	1
伦敦皇家音乐学院	1
香港科技大学生物系	1
明智专门大学 戏剧电影科	1
东京艺术大学音乐学部作曲科	1
内蒙古影视表演艺术学校影视表演	1
湖南师范大学音乐学院	1
国学院大学文学部	1
新疆音乐学院	1
北德克萨斯州大学	1
湖北医学院临床医学系	1
Los Osos High School	1
华东师范大学	1
北京舞蹈学院	1
AMUSEMENT MEDIA综合学院	1
西点军校	1
武警工程学院，并于解放军艺术学院进修	1
Hawaii Pacific University	1
斡裣亓⒃焦饶细叩妊校	1
青山学院	1
同志社大学文学部哲学科 卒业	1
Atomic Monkey声优演技研究所	1
长沙理工大学	1
广西中医学院	1
大阪音乐大学	1
仁荷大学师范大学附属高中毕业，青云大学越南语专业	1
导演系硕士	1
比利时布鲁塞尔皇家音乐学院	1
京畿大学电子数码音乐系	1
铭传大学推广学士班应用英语系	1
康宁护专	1
美国圣地亚哥大学心理戏剧系	1
New York University ，New York University	1
首尔大学作曲系学士	1
吉首大学	1
高中Combermere	1
圣切契里亚音乐学院	1
新加坡永康中学（休学）	1
安城学园高等学校	1
ビジュアルア`ツT学校	1
仁川大学社会体育系	1
东京设计学院发型设计科	1
翰林演艺艺术高中	1
发山高中	1
澳大利亚新南威尔士大学	1
和洋女子大学文学院文学系	1
辽宁朝阳师范	1
北京服装学院	1
剑桥	1
沈阳音乐学院 声乐教育系	1
东亚广播艺术大学	1
庆熙大学后现代音乐学系	1
湖北工业大学	1
庆应大学（2013－）	1
日本京都府立大学生命环境学部	1
世宗大学舞蹈系（中途退学）	1
桐朋学园大学短期大学部	1
圣保罗男女中学	1
慈幼中小学	1
四川大学	1
北京政法职业学院	1
易三仓ABAC大学旅游管理	1
纽约戏剧学院	1
The Maharishi School	1
东京芸术大学	1
香港大学工商管理系学士毕业	1
法国巴黎索邦大学	1
京畿大学多媒体影像学府	1
日本名古屋大学	1
威廉姆斯大学	1
山东菏泽音乐学院	1
胜田声优学院（第11期）	1
Kulturama艺术学校	1
中央大学亚洲文学专业	1
大阪府立枚方市西高等学校	1
格里昂酒店管理学院	1
铁岭县艺术团，吉林林越艺术团	1
中央工艺美院（清华美院）	1
西安音乐学院	1
早稻田大学体育科学部	1
佛教慈航中学	1
河南大学，中国传媒大学	1
新奥尔良洛约拉大学	1
攀枝花市第七中学	1
阿坝师范学院・中文系	1
东京艺术大学音乐学部	1
台北艺术大学戏剧系	1
日本圣心女子学院	1
敬远专科大学秘书学系	1
佛光大学人文社会学院（肄业）	1
中山大学	1
北京中央音乐学院日本东京艺术大学	1
京北学园	1
韩国翰林艺术高中	1
中学时辍学	1
香港培正中学	1
延世大学国语国文科	1
南京艺术学院流行音乐系	1
A&G Academy	1
庆应义塾大学	1
中央音乐学院(作曲系)	1
同志社大学	1
California International (USA) School	1
岐阜县加纳高等学校美术系	1
东国大学戏剧表演系	1
四川音乐学院	1
首尔综合艺术大学（SAC）	1
育达商职会计科	1
夏威夷大学旅馆管理系	1
大阪スク`ルオブミュ`ジック门学校	1
利物浦专校	1
RAMS Professional Education	1
大仁科技大学	1
武汉传媒学院表演系本科	1
台北市东方工商观光科	1
台湾金陵女中	1
首尔翰林艺术高等学校	1
东国大学戏剧学	1
アミュ`ズメントメディアt合学院	1
玉川大学文学部艺术学科	1
达迈中学（新加坡）	1
安阳艺术高等学校毕业	1
广东外语外贸大学（休学）	1
上海第二医科大学	1
法国所邦大学	1
Seneca College（圣力嘉学院）	1
辽宁阜新戏校	1
广岛皆实高中	1
首尔艺术大学演技科	1
中国美院国画人物专业	1
骊州大学	1
T学校|京アナウンス学院	1
窃白门大学	1
基辅音乐学院	1
中山女高	1
马奎特大学	1
Taylor AllderdiceHigh School	1
东京都立早稻田大学社会科学部	1
马来西亚连曼莎拉吾达马学院	1
哈尔滨市第二十高级职业中学	1
青二塾东京14期	1
华中师范大学武汉传媒学院	1
北京中北国际演艺专修学校	1
韩国外国人大学	1
首尔翰林演艺艺术高中	1
东京艺术大学音乐系声乐专业	1
Pennsylvania State University	1
堀越高等学校（艺能班1年D班）	1
韩国秋季艺术大学 实用音乐系	1
北京解放军艺术学院舞蹈系	1
堀越高校	1
堀越高中，代代木动画学院	1
约翰逊州立学院	1
河北涿州艺术师范音乐系	1
东北工学院	1
神户学院大学	1
北京兴华大学	1
国立空中大学生活科学系	1
兰实大学艺术学院	1
南京艺术学院艺术管理专业	1
山东艺术学院	1
湖南城建职业技术学院肄业	1
河南科技大学	1
伦敦表演艺术与技术学校	1
加利福尼亚大学洛杉矶分校(UCLA)	1
本科毕业于中国传媒大学南广学院；研究生毕业于中国传媒大学	1
Plunkit College	1
伊利诺伊大学香槟分校	1
堀越高等学校（卒业）	1
香港无线训练班	1
pro-fit声优养成所	1
长崎大学	1
杭州电子工业学院	1
巴黎高等音乐学院	1
青二塾|京校	1
上海大学悉尼工商学院	1
韩国建国大学	1
伦敦大学中央圣马丁艺术与设计学院	1
中央大学文学部	1
无	1
齐鲁音乐学院	1
Fairfield Warde High School	1
Mt. Carmel High School	1
日本斡裣亓⑺泽高等学校	1
沈阳音乐学院（本科）	1
成均馆大学（就读中）	1
西北音乐学校	1
青海民族大学	1
暂无	1
韩国东洲大学实用音乐专业	1
普林斯顿匈奴学院	1
AMUSEMENT MEDIA ACADEMY	1
外交学院	1
L.C.休姆斯高中	1
华东政法学院	1
中央音乐学院民乐系	1
|京アナウンスアカデミ`	1
拉曼大学会计学士	1
兰实大学	1
鹤岗高级职业学校	1
山东工艺美术学院	1
东英格利亚大学	1
吉林建筑大学管理学院工程管理专业	1
中央民族大学音乐学院	1
法国杜尔大学	1
清华大学，湖北美术学院	1
哈尔滨商业大学	1
St Peter's RC High School	1
同德女子大学校服装设计专业	1
神奈川县立横滨翠岚高等学校	1
西京大学表演艺术学院模特专科	1
韩国尚志大学	1
檀国大学大众文化艺术研究生院	1
北京现代音乐学院2010级表演系本科	1
台湾真理大学	1
台湾艺术大学	1
东北人民大学	1
四川师范大学电影电视学院	1
台湾花莲高农森林科	1
清华大学电子工程系	1
大连现代影视学院	1
日本音乐高等学校毕业	1
协和高中美工科	1
四川师范大学	1
台大会计系	1
吉林艺术学院流行音乐学院	1
电子科技大学07级通信与信息工程学院	1
北京大学艺术学院	1
浩源大学实用音乐系	1
西南航空专修学院	1
北京中央民族大学舞蹈表演系98级	1
清华大学	1
韩国全南大学戏剧电影系	1
东京Announce学院	1
博龙武术学院	1
韩国外国语大学日语系	1
西藏民族学院	1
翰林艺术高中	1
哈尔滨外国语学院06-5班	1
国际艺术大学（FB上的描述）	1
安徽大学	1
赫尔曼育学院	1
韩国百济艺术大学	1
福冈市立高宫中学校	1
明治学院大学	1
同德女子大学音乐系	1
东华三院吕润财纪念中学	1
国际关系学院	1
国立音乐大学演奏学科声乐专修	1
同德女子大学	1
绍兴艺术学校	1
首尔艺术大学舞蹈学系	1
杭州电子科技大学信息工程学院	1
杭州师范大学生命与环境科学学院（就读中）	1
韩国安阳艺术高中	1
费利斯女学院大学	1
奥罗尔罗伯茨大学	1
德州大学奥斯汀心理系	1
东京都立日野高等学校	1
青山学院大学	1
师范大学	1
法国语言舞蹈学校	1
东德女子大学	1
仁爱女子大学	1
光仁中学（音乐艺术院）	1
仁川专门大学环境管理专业	1
澳门理工学院	1
埃尔金斯高中	1
山东农业大学	1
静冈县立吉田高等学校	1
北京现代音乐学院（就读）	1
日本解说表演研究所	1
沈阳音乐学院声乐系	1
哈拉哈达高中	1
新疆大学数学系	1
加利福尼亚大学洛杉矶分校	1
浙江艺术职业学院	1
台湾中山医学院	1
江西师范大学（音乐系本科班）	1
中央戏剧学院戏文系	1
东亚商学院，新加坡海蝶音乐森林	1
东京广播学院(东放学园)	1
逢甲大学中文系	1
耶鲁大学	1
宝冢音乐学校	1
水原大学电视剧电影学科	1
京畿大学大众媒体影象学部演技专攻转世宗cyber大学酒店管理专业	1
肇庆工贸学院	1
武汉音乐学院演艺学院通俗演唱与编导专业	1
American International School	1
昆明理工大学	1
建国大学艺术文化学院电影艺术学系	1
上海音乐学院附中	1
北京舞蹈学院歌舞班	1
济宁学院文化传播系	1
黑龙江外国语学院	1
首尔文化艺术大学	1
德州科技大学工程学院（退学）	1
匹兹堡大学	1
法国巴黎国立音乐学院	1
东信大学放送演艺系	1
吉林省戏曲学院	1
圣玛加利女书院	1
国际Digital大学休闲运动学科	1
天津音乐学院现代音乐系	1
加利福尼亚州立大学	1
青森县立青森东高等学校	1
武汉音乐学院民族声乐系	1
东京艺术大学作曲系	1
堀越高中毕业	1
空军长春飞行学院	1
高雄市立中正高工	1
莫斯科谢普金戏剧学院	1
北京迷笛音乐学院	1
东国大学研究生 主修戏剧科	1
中国传媒大学／香港浸会大学	1
环境工程专科毕业	1
青云大学	1
解放军南京外语学院	1
首尔艺术大学；成均馆大学 影像学系在读	1
仁荷大学话剧电影系	1
新加坡拉萨尔艺术学院	1
新德里Hansraj大学	1
北京第二外语学院	1
代代木动画学院	1
集美大学诚毅学院	1
Pro Fit声优养成所	1
山东齐鲁音乐学校	1
首尔艺术大学 国乐系	1
莱佛士学院	1
香港大学建筑系	1
延边大学	1
安徽广播电视大学	1
美国纽约城市大学	1
沙田官立中学	1
四川教育学院	1
百济大学表演影视学院	1
江苏师范大学音乐学院	1
贵阳医学院，第三军医大学	1
北京电影学院09表演系本科	1
北京音乐学院	1
吉林外国语大学	1
中央戏剧学院2002级表演系	1
波士顿Berklee音乐学院	1
景文科技大学	1
杭州音乐学院	1
韩国中央大学演剧电影科	1
园田学园女子短期大学部幼儿教育学科	1
哈尔滨艺术学院	1
北京师范大学-香港浸会大学联合国际学院	1
庆应义塾大学，日本东京文化服装学院	1
哈佛大学	1
文藻女子外语专科学校	1
香港圣若瑟书院	1
广西艺术学院	1
首尔爵士乐学院	1
荷兰海牙皇家音乐学院	1
小齐音乐学院	1
日本青二塾周日养成所	1
赤堀营养专门学校	1
Mausu Promotion附属养成所	1
上海市松江二中（高一退学）	1
Columbia High School （New Jersey）	1
湖南师范大学音乐系（肄业）	1
沈阳师范大学戏剧艺术学院表演系	1
栖霞律学院	1
东京艺术大学国乐专业	1
四川音乐学院流行歌舞系	1
乌克兰利沃夫国立音乐学院	1
川村中学校 高等学校	1
西南民族大学	1
共产党	1
鹿儿岛市天保山中学	1
基隆市培德工业家事职业学校	1
上海对外经贸大学	1
中央大学戏剧学学士	1
东京广播学院专门学校	1
新北市私立庄敬高职	1
天主教辅仁大学英文系	1
韩国汉阳大学作曲系	1
水原女子大学大众音乐系	1
美国华盛顿大学	1
日本大学文理学部	1
哥伦比亚大学	1
学校法人东放学园	1
Pro-Fit声优养成所	1
中大博学（在读）	1
底特律艺术高中	1
星海音乐学院流行音乐系	1
四川音乐学院古典作曲专业	1
美国长岛大学	1
美国罗格斯大学经济系	1
Goldsmith College	1
上海大学影视学院	1
格雷普韦恩高中	1
哈佛大学（网上课程）	1
驹泽学园女子高中	1
东京芸术大学作曲科	1
庆熙大学媒体信息学硕士	1
香港理工大学设计学院	1
崇右技术学院	1
Bowie State University	1
松竹音乐舞蹈学校	1
大凉山民族师范	1
日本青森县立三泽高等学校	1
美国乔治敦大学	1
新加坡南洋理工大学	1
北京化工大学	1
美国斯坦福大学	1
西安交通大学国际经济贸易管理专业	1
汉阳大学戏剧电影专业	1
白百合学园毕业，白百合女子大学文学部英语英文学科肄业	1
关东大学实用音乐系硕士研究生在读	1
哈尔滨师范大学	1
甲阳音乐学院	1
育达高职（2005年）	1
世华女子高中	1
高职服装科	1
东京媒体学院（现：东京声优学院）	1
横滨市立金泽高等学校	1
华冈艺术学校	1
北京大学艺术学系	1
新加坡国立大学经济系	1
长春大学音乐表演系	1
文化大学	1
台北私立醒吾技术学院	1
上海戏剧学院表演系本科	1
台湾高雄医学院	1
Long Beach City College	1
帕特森东部高中	1
澳洲悉尼大学法律及经济学士	1
仁德大学放送演艺系	1
香港中文大学	1
沈阳音乐学院南校区声乐教育系	1
解放军艺术学院 ，中央民族大学	1
台湾大学外文系	1
中国音乐学院	1
广州美术学院	1
扬州市戏剧学校	1
美国大学经营系	1
诚信女子大学	1
洗足学园音乐大学	1
首尔公演艺术高中	1
北京现代音乐研修学院	1
东京大学	1
津田塾大学文学部英文学科	1
南加利福尼亚大学	1
河北师范大学	1
霍格沃茨 斯莱特林（1962~1968）	1
永同高中	1
韩国建国大学(语言)	1
立教大学经济学部	1
泰国兰实大学	1
湖南师范大学附属中学	1
中央大学英文系	1
北京天音音乐学校	1
韩国中央大学视觉设计科专业	1
青二塾大阪校28期	1
清华大学肄业	1
延世大学 经营系	1
江东大学实用音乐系（在读中）	1
Jai Hind College	1
韩国明知大学电影表演系	1
湖原大学实用音乐系（休学中）	1
中央戏剧学院表演系	1
北京电影学院导演系	1
明知科技大学戏剧影像学系	1
Amusement Media综合学院大阪校	1
香港大学工商管理学院	1
Settle College	1
美国音乐戏剧学院	1
筑紫女学园高等学校	1
京都府立园部高等学校	1
东京艺术大学作曲科	1
曲阜师范大学	1
St. Bernard's RC Primary School	1
福冈市立百道中学校	1
釜庆大学	1
山东音乐学院	1
东方商专观光科	1
建国大学电影艺术系	1
Park Maitland School	1
丰岛实业高等学校	1
伯克利音乐学院R&B声乐系	1
冲绳县立首里高等学校	1
Stone'd Records	1
成都市桐梓林小学	1
埃尔卡密诺城市学院	1
庆应义塾大学综合政策学部	1
同德女子大学服装设计学系学士	1
诗纳卡宁威洛大学艺术学院	1
台湾中台科技大学护理系	1
兰实大学美术系	1
首都师范大学音乐系	1
广东岭南职业技术学院	1
台大历史系	1
瓦萨学院	1
建国大学映像电影系	1
窃按笱	1
东京艺术大学	1
大阪动画学院	1
哈尔滨青年宫艺术学院	1
纽约拉瓜迪亚高中表演艺术学校	1
Dover College	1
安徽医科大学	1
湖南师范大学	1
东信大学(广播文艺表演专业)	1
嘉义高中	1
乌克兰国立柴科夫斯基音乐学院	1
瑞典耶夫勒国立大学	1
北京戏曲学院	1
观塘利玛窦书院中五毕业	1
莫斯科音乐学院	1
建国大学电影艺术学院	1
庆应义塾大学环境情报学部	1
东亚放送大学	1
青岛科技大学	1
北京电影学院表演系本科2001级	1
明知大学视觉艺术及戏剧系	1
北京市育英学校	1
辽宁师范大学信息管理系	1
山崎学园富士见高等学校	1
波士顿学院（BOSTON COLLEGE）	1
丽水市莲都区第二高级中学	1
内蒙古艺术学校	1
日本斡裣亓⒃焦缺备叩妊校	1
首尔翰林艺术高中(2013年入学)	1
茱莉亚音乐学院	1
名古屋市立富田高等学校	1
海山高工	1
日本大学艺术学部	1
国立台北艺术大学	1
惠花女子高中	1
多伦多大学	1
韩国中央大学戏剧电影系（在读）	1
上海师范大学谢晋影视艺术学院	1
四川省艺术学院	1
陕西艺术学院	1
A&G学院	1
汉阳大学国际学部	1
加拿大拉塞尔学院	1
世宗大学和弘益大学	1
檀国大学戏剧电影学系	1
明知大学电影音乐剧科	1
韩国檀国大学戏剧电影系	1
澳洲查尔斯特大学	1
俄勒冈大学	1
八尾市立清友高级中学	1
迈阿密卡罗尔城市高中	1
北京师范大学珠海分校	1
劳尔梅里恩高中	1
内蒙古大学艺术学院附中	1
明治大学	1
深圳市电子技术学校	1
首尔艺术高中	1
韩国世宗大学电影艺术学系	1
大连大学音乐学院	1
大阪府立樱V高等学校	1
北京电影学院表演系本科	1
莫斯科艺术剧院学院	1
东京艺术大学音乐系国乐器专业	1
南开大学	1
台湾大学人类学系	1
香港专业教育学院	1
明治大学附属中野高等学校	1
白石大学	1
济南大学	1
香港中文大学工商管理学	1
上野学园大学在读中	1
台湾科技大学	1
神户女学院大学文学部	1
济南市第12中学	1
上海戏剧学院电视艺术系2001届	1
国立台湾大学；爱荷华大学	1
多摩大学	1
西安音乐学院声乐系	1
齐齐哈尔师范学院	1
相模原市立相原中学校卒业	1
国立东华大学运动与休闲学系	1
古典音乐学校；庆熙大学后现代音乐系（在读）	1
北大附小	1
Eric Hamber Secondary School	1
福建艺术职业学院-声乐系	1
洗足学园音乐大学音乐学部ジャズコ`スピアノ（爵士钢琴）科毕业	1
解放军艺术学院 中国音乐学院	1
清华大学经济管理学院研究生	1
湖南财经学院	1
东邦音乐短期大学	1
北京电影学院98级表演系本科	1
武汉华中师范学院	1
创价大学文学部外国语学科俄语专业	1
专门学校东京Announce学院	1
韩国岭南大学机械工程专业	1
北京化工大学北方学院	1
Cass Technical High School	1
日出高等学校	1
台南光华女中（商专）	1
韩国首尔公演艺术高中	1
广东省韶关市第一中学	1
广州市中山大学	1
韩国明知大学产品设计学（汽车专业）硕士	1
世新大学图文传播暨数位出版学系	1
齐齐哈尔高等师范专科学校	1
上海交通大学	1
韩国湖原大学音乐系（在学）	1
多伦多大学经济学心理学电影学	1
马来西亚柔佛新山南方学院	1
致理商专商业文书科	1
尚美音乐学院	1
东吴大学中国文学系	1
韩国艺术综合大学传统艺术学院韩国舞蹈系	1
乐山师范学院音乐学院	1
南通师专	1
普清综合高等学校毕业	1
青二塾东京校第29期	1
政工干校音乐系	1
专门学校艺术学院神户	1
清州大学话剧电影系	1
韩国首尔数码文化艺术大学	1
南昌师范高等专科学校	1
韩国庆熙大学文化艺术经营系	1
国立中正大学企管系	1
上海戏剧学院模特进修班	1
台湾大学	1
国光艺校音乐科	1
新疆教育学院	1
香港民生书院	1
中央区立佃中学校	1
法政大学人文学院戏剧系	1
青二塾大阪校（第11期）	1
海南职业技术学院	1
庆熙大学（庆熙网络大学）	1
牛津大学	1
国立杭州西湖艺术院	1
莱克伍德小学（Blackwood Primary School）	1
北京大学林兆华戏剧研修班	1
山梨学院大学（中途退学）	1
东国大学演剧电影系	1
彼索普斯托福学院	1
新光女子高中	1
新疆艺术学院	1
西北大学	1
东京都立大学附属高等学校	1
韩国汉阳大学演剧电影系	1
琉球大学社会人类系	1
东京府立・第六中学	1
北京月坛旅游学院日语专业	1
立命馆大学	1
斯坦福大学	1
翰林演艺艺术高中实用音乐科	1
韩国艺术综合学校	1
纽约非百老汇职业表演艺术学院	1
大主教瑞安高中	1
名古屋市立向阳高等学校	1
新亚书院	1
中北国际演艺学校	1
刘栋升：北京现代音乐学院	1
韩国全州艺术高中	1
延世大学音乐学院器乐专业	1
Campiani’s Academy	1
福知山淑德高等学校	1
天津商业大学	1
日本Amusement Mediat合学院	1
建国大学电影系	1
台湾文化大学	1
日本女子体育大学	1
アミュ`ズメントメディアt合学院（AMUSEMENT MEDIA ACADEMY）	1
政治大学	1
韩国中央大学言论大学院硕士	1
新加坡理工学院	1
上海师范大学艺术教育专业	1
辽宁大学	1
天津戏曲学校	1
北京现代音乐学院流行学院华语系	1
美国柯蒂斯音乐学院（Curtis Institute of Music）	1
国立艺术学院(国立台北艺术大学)	1
哈佛社区大学经济系	1
海专	1
深圳蛇口国际学校	1
中央党校铁道分校经济管理学院	1
解放军艺术学院/北京工业职业技术学院	1
台北商业技术学院	1
私立醒吾技术学院	1
马利诺书院	1
日本大学艺术	1
日本明治大学商学部	1
庆熙大学文艺艺术经营学硕士在读	1
小学：圣德勒撒;中学：迦密中学	1
安徽艺术学院	1
内蒙古艺术学院	1
泰国川登喜皇家大学	1
哈尔滨市阿城区第4中学	1
武汉华中艺术学校	1
桃山学院高等学校毕业	1
美国麻省理工学院	1
音乐专科学校	1
明知专门大学	1
韩国水原大学戏剧系	1
北京大学外文系日本语专业	1
中央戏剧学院2007级表演本科班	1
韩国祥明大学（硕士）	1
荣成师范	1
东京播音学院	1
早稻田大学(中途退学)	1
西安外国语大学西影影视传媒学院	1
首都师范大学科德学院	1
韩世大学	1
易三仓大学（艺术商业学院）	1
高锅高校	1
北京艺术设计学院	1
星海音乐学院流行音乐系通俗演唱专业	1
马公高中	1
辽宁大学中文系	1
英国伦敦艺术大学	1
自己学院	1
浙江艺术学校	1
Heritage Middle School	1
明治大学（中途退学）	1
日本音S高等学校	1
Palmer's College	1
中央音乐学院附中	1
昭和音乐大学作曲系辍学	1
云南怒江州师范学校	1
南京财经大学工商管理专业	1
神奈川大学外语学部	1
星海音乐学院现代音乐系	1
广东轻工职业技术学院艺术设计学院	1
首尔大学 雕塑系	1
培德高中	1
沈阳市艺术学校	1
北海道函馆西高等学校	1
美国洛杉矶音乐学院	1
复旦大学法语系（2005年毕业）	1
中央戏剧学院表演系89级本科	1
加拿大英属哥伦比亚大学	1
首都师范大学音乐学院	1
新西兰奥克兰大学土木工程系	1
南山大学	1
英国伦敦大学皇家霍洛威学院	1
莫斯科国立柴可夫斯基音乐学院	1
中国人民大学	1
Taeion Shilub Junmoon大学	1
无线电视艺员训练班	1
专门学校东京广播学院	1
孔祥东音乐学院	1
新加坡中学	1
贝尔蒙特大学	1
韩国清潭中学	1
堀越高等学校	1
百济艺术大学演艺广播系	1
波士顿大学	1
庆熙大学后现代音乐系学士	1
伯克利音乐学院（现就读）	1
天津外国语大学	1
延边大学艺术学院	1
美国杜克大学	1
圣路易斯大学金融系	1
内蒙古民族大学美术学院（在读）	1
龙谷大学	1
国立彰化师范大学	1
中央美术学院	1
西雅图华盛顿州立大学/科尼许音乐学校	1
毕业于第四军医大学	1
湖南省湘潭职业技术学院	1
亚细亚大学	1
西班牙歌舞团	1
廊坊市电子信息工程学校	1
娱乐传媒学院大阪校	1
浙江树人大学	1
四川舞蹈学校自贡分校（四川理工）	1
首尔艺术大学放送演艺系(中途退学)	1
苏州大学艺术学院	1
重庆求精商业专科学校	1
伊利诺斯大学香槟	1
阿克雷里大学	1
首尔大学服装设计系	1
北京电影学院85届明星班	1
邓肇坚维多利亚官立中学	1
香港真光书院	1
北京21世纪实验学校（肄业）	1
中国传媒大学	1
华冈艺校戏剧科	1
北京电影学院表演系	1
明尼苏达大学	1
淡江大学大众传播系	1
韩国东国大学戏剧电影学系	1
新加坡国立大学	1
韩国外国语大学	1
中央戏剧学院表演系本科	1
和歌山h立熊野高等学校	1
阿尔伯塔大学	1
林百欣中学	1
厚木市立睦合中学校	1
北京电影学院表演系2010级	1
首尔表演艺术高中（就读中）	1
南京艺术学院音乐学院2005级本科声乐系	1
青二塾东京校	1
朱拉隆功大学（泰国第一学府）	1
法政大学社会学部	1
俳协VOICE ACTOR'S STUDIO	1
澳大利亚欧圣斯中学	1
Pro・fit声优养成所	1
亚利桑那大学音乐学院	1
庆应义塾女子高等学校	1
本溪大学机械系	1
西经大学演剧电影学院	1
吉林大学	1
上海医科大学	1
北京联合大学	1
内蒙古武警总队文工团	1
广西师范大学	1
亚细亚大学经营学部	1
华中师范大学	1
纽约大学	1
乔治商职电影电视科	1
河北医科大学	1
越南河内高等艺术学院	1
中华艺校	1
北京迷迪音乐学院	1
香港岭南中学；澳洲Epping高中	1
北京服装学院服装表演专业	1
淡江大学日文系	1
北海道立赤平高校	1
四川师范大学（进修）	1
乔利埃特中央高中	1
台湾复兴美工广设科	1
中央戏剧学院	1
中国音乐学院民族歌剧系	1
维也纳国立音乐学院	1
天津音乐学院	1
中央大学预科班	1
文藻学院日文系	1
青二塾大阪校	1
中国戏曲学院表演系	1
日本医科大学	1
密西根大学	1
芸术大学	1
尚美音乐学院专门学校	1
韩国圣公会大学	1
东京广播学院	1
朱拉隆功大学心理学硕士	1
首尔国立科技大学	1
庆应义塾大学环境情报学部中退	1
希斯皮里亚高中	1
安徽黄梅戏二团	1
St Andrews Junior College	1
北京电影学院（进修）	1
大阪艺术大学声乐系	1
中央戏剧学院表演系本科班	1
京畿大学多重媒体映像学科	1
ABAC大学（商业管理专业）	1
北京电影学院2006级表演系本科	1
私立日出女子学园高等学校（现日出高校）	1
雪音学校	1
法国国立东方语言文化学院（INALCO）	1
中国音乐学院声歌系（硕士研究生）	1
高丽大学国文文学系（在读）	1
中国文化大学韩文系	1
中国音乐学院等	1
小柯音乐学校	1
上智大学	1
东京门学校	1
华北水利水电大学	1
世新大学	1
Pacific audio visual institute	1
曼谷大学传播艺术专业(就读)	1
辽宁地质学院	1
鄂尔多斯艺校	1
81 actors studio	1
美国南加州大学	1
バ`クリ`音S大学（BerkleeCollegeofMusic）	1
t合学@ヒュ`マンアカデミ`	1
亚洲大学经营学学士	1
韩国首尔翰林艺术高中	1
韩国庆熙Cyber大学情报通信科	1
东德女子大学广播演艺系	1
久留米信叟学院高等学校，堀越高等学校	1
University of Southern California	1
上海市戏曲学校越剧班	1
东京学艺大学教育学部	1
伯克利音乐学院（就读）	1
香港大学文学院	1
美国夏延中学	1
台湾艺术大学戏剧系（在读）	1
北京市东直门中学	1
花样滑冰小学	1
辽宁省体育运动技术学院	1
香港时装设计学院时装设计专业	1
中央音乐学院声乐歌剧系	1
横滨高等学校	1
新北庄敬高职	1
中央民族大学	1
香港知专设计学院	1
伦敦大学学院	1
台湾师大附中	1
筑紫女学@大学	1
北京交通大学	1
大手前女子大学	1
青云大学戏剧系	1
西南学院大学法学部（中退）	1
韩国外国人学校	1
拉曼学院金融投资系	1
多媒体大学主修电影和动画系	1
韩国成均馆大学人文科学系	1
日出女子高中	1
中央戏剧学院相声表演班	1
中共中央党校研究生院	1
首尔艺术大学	1
瑞逸大学戏剧表演系	1
巧脚学园大学（中途退学）	1
沈阳音乐学院	1
位育中学	1
菲律宾东南大学	1
日本国立音乐大学	1
东亚放送艺术大学	1
中兴大学企业管理学系	1
国立政治大学外交系毕业	1
海南大学艺术学院	1
翰林演艺艺术高等学校	1
奥克兰大学	1
四川师范大学音乐学院	1
冈山国中	1
台北市立体育学院	1
晃阳学园高等学校	1
韩国京畿大学大众传媒专业	1
全球网络大学放送演艺学系	1
神奈川县立横须贺高等学校	1
西安外国语大学	1
菲利斯女学院大学	1
北京工商大学	1
首尔艺术大学电影系	1
明治大学付属中野高等学校夜间部	1
新国立剧场演剧研修所	1
江西师范大学美术学院	1
奥弗布鲁克高中	1
中国戏剧研究学院	1
雷顿帕克学校	1
重庆三峡服装艺术学校	1
米子北高等学校高一年级	1
大化小学	1
国立音乐大学	1
香港国际学校	1
玉川大学文学部门人类主题毕业	1
中央民族音乐学院	1
北京体育大学体育舞蹈专业	1
四川音乐学院（就读中）	1
东亚放送艺术大学放送演艺系	1
音乐高等学校	1
上海戏剧学院表演系00级本科	1
上智大学国际教养学部	1
大妻女子大学	1
旧金山州立大学	1
天津体育学院运动与文化艺术学院	1
艾回艺人研究所	1
专门学校播音学院放送声优科	1
釜山音乐学院	1
中央戏剧学院音乐剧表演系	1
MBC大学	1
上海音乐学院	1
台湾西湖工商（现恕德家商）	1
英国威灵顿学院	1
Poitiers话剧院	1
东京动画养成所	1
明星学院高等学校	1
台湾交通大学传播研究所（硕士）	1
格兰瑟姆中学	1
首尔表演艺术高（就读中）	1
汉阳大学（戏剧电影学系）	1
长滩理工高中	1
曼谷大学	1
Carmel School	1
檀国大学社会体育教育系	1
香港浸会学院音乐艺术系	1
武i野音乐学校	1
汉城大学	1
韩国仁荷大学戏剧电影系	1
庆熙大学现代音乐科(休学)	1
大松中学	1
美国加州州立大学音乐系	1
PPCHA	1
英国皇家音乐学院	1
德克萨斯州大学奥斯汀分校	1
北海道教育大学附属札幌中学校	1
大真大学	1
田园调布双叶高等学校	1
庆熙大学postmodern音乐系	1
横滨市立横滨商业高等学校	1
首尔公演艺术高中舞台美术专业	1
上海戏剧学院96级表演系本科	1
南强工商影视科	1
吉隆坡美术学院	1
玛希隆大学	1
英国皇家古典钢琴教学	1
中央戏剧学院（表演系）	1
庆熙大学戏剧电影科	1
东京崛越学院	1
Crossroads School for Arts and Sciences	1
台北美国学校	1
浙江传媒学院	1
弘益大学经营学系	1
西藏大学	1
上海工艺美术学院	1
BKK.Christian College	1
日本工W院	1
美国波士顿大学管理学院经济学系	1
忠南大学经营系	1
纽约 Parsons School of Design 修读 Graphic Design	1
香港国际影视学院	1
光州 松源女子高等学校	1
英国格拉斯哥大学	1
泰国法政大学工商管理学院	1
韩国艺术综合大学演剧院	1
雷丁大学	1
庆熙大学电影戏剧科	1
松山工农电机科夜间部（肄业）	1
日本东北大学工学部建筑学科卒，早稻田大学研究生院毕业	1
马来西亚音乐学院ICOM	1
英国金斯顿大学	1
澳大利亚Rmit Holmes College	1
东京电机大学	1
西南大学	1
维也纳音乐学院	1
特林公园表演艺术学校	1
江苏省戏剧学校	1
香港澳洲国际学校	1
桐朋学园大学短期大学部演剧科	1
芝加哥表演艺术学院	1
私立中国文化大学体育系	1
札幌国际大学	1
文化大学体育系	1
大连外国语（本科）	1
国中辍学	1
韩国庆熙大学	1
侨光商专	1
University of Maryland	1
中国台北医学大学医技系毕业	1
精华学园高等学校	1
北京现代音乐学院；中央民族大学	1
韩国仁荷大学戏剧电影学学士	1
成均馆大学演技艺术系（在读）	1
夏山学院	1
东新大学实用音乐学在读	1
韩国艺术综合大学戏剧系（肄业）	1
长滩高中	1
京都产业大学辍学	1
莱顿大学	1
因特劳肯艺术学院	1
Phramongkutklao大学（医学院）	1
湖南大众传媒职业技术学院	1
檀国大学	1
国立政治大学新闻系	1
女皇大学	1
白百合女子大学文学部	1
东国大学	1
北京艺校	1
广州小学	1
群马县立馆林高等学校	1
日本播音演技研究所	1
非尼克斯技术学院	1
建国大学戏剧电影系（休学中）	1
中国音乐学院作曲系音乐文学专业	1
庆应义塾大学 经济学部	1
中央民族大学舞蹈系	1
北京大学艺术学院文化产业管理高级人才研修硕士在读	1
成城大学	1
威廉与玛丽学院	1
驹泽大学	1
台湾嘉义大学	1
东京艺术大学美术部雕刻系	1
爱丁堡皇家音乐学院	1
荣州女子高中	1
英国伦敦大学	1
大阪府立长尾高等学校	1
中央音乐学院作曲系	1
私立真理大学	1
全球华人新秀歌唱比赛金奖	1
韩国首尔艺术大学	1
国立台北商业技术学院	1
韩国延世大学	1
Shrewsbury International School	1
京畿大学影像媒体学院	1
北京现代艺术学院编曲系	1
台湾省新竹县立湖口高级中学	1
四川外国语学院	1
得克萨斯大学奥斯汀分校	1
香港耀中国际学校	1
义安理工学院华文传媒系	1
庆熙大学Modern Music系	1
冲绳演艺学校	1
共立女子短期大学	1
重庆工商大学	1
北京电影学院（在读）	1
Broward Community College	1
成都体育学院	1
岛根县立大学	1
首尔大学经济学 ；汉阳大学法学院	1
伊丽莎白音乐大学	1
京畿大学戏剧电影系	1
重庆师范大学传媒学院	1
沙田工业学院时装设计系	1
岭南学院社会科学系	1
台湾政法大学	1
桐朋学园大学	1
辅仁大学	1
中央大学公共关系部	1
利物浦学院男子高中	1
私立大阪女子学园	1
东国大学戏剧影像学部	1
檀国大学(Dankook University)	1
江西高等学校	1
洛阳女子高校	1
山东省戏曲学校柳子科	1
Rytmus Musikgymnasium	1
同德女子大学校应用音乐系学士	1
关东女子高校	1
东京媒体学院声优声乐科	1
代代木动画学院名古屋校	1
台湾辅仁大学2003届英文系	1
温斯顿爵士邱吉尔中等学校	1
延世大学地质学学士	1
韩国艺术高等学校	1
北京大学；纽约大学	1
泰国国王科技大学	1
釜山艺术大学	1
东京都堀越高校	1
海南大学艺术学院音乐表演专业	1
学习院大学	1
庆熙大学工商管理系	1
福建三明音乐学院	1
北京电影学院表演系(2001级)	1
西北民族学院	1
守杨中学；春川农工高等学校；实用音乐艺术学院	1
中国传媒大学南广学院	1
香港浸会大学	1
美国伯特林音乐大学	1
韩国加图立大学 生物科	1
千叶县立安房高等学校	1
台北实践大学室内设计学系	1
中央工艺美术学院 （现清华大学美术学院）	1
伯明翰High Dlaie Girls School	1
韩国建国大学电影系	1
京畿大学	1
纽约音乐学校	1
“富连成”科班	1
私立醒吾技术学院（肄业）	1
罗马圣塞西莉亚音乐学院	1
华冈艺校舞蹈	1
浙江大学	1
北京林业大学	1
北爱尔兰大学	1
中国美术学院	1
Production Ace演技研究所	1
贵州师范大学音乐系	1
韩国中央大学戏剧电影系	1
四川省舞蹈学院曲艺专业	1
北京首都师范大学	1
中央大学戏剧电影学	1
东京声优学院	1
芝加哥大学	1
成都工贸职业技术学院	1
日本中央大学	1
明治大学文学部文学科演剧学专攻	1
香港三育书院（肄业）	1
四川音乐学院声乐系	1
圣玛丽天主教中学	1
武汉大学医学院临床专业	1
香港理工大学工商管理学	1
水g第一高等学校中退	1
台北市怀生国中	1
横滨国立大学	1
利拉艺术高等学校	1
佐贺女子高等学校	1
中央大学（2012年3月退学）	1
南京五中高中	1
湖南省艺术学校话剧班	1
辅仁大学（本科，双学位）北京大学（EMBA硕士）	1
上海戏剧学院表演系89届本科	1
比萨大学	1
北京电影学院2003级高职学院表演系	1
韩国中央大学	1
大同艺术学校	1
早稻田大学	1
武汉音乐学院（2010级）	1
金城学院大学	1
四川成都艺术职业学院	1
美国Berklee大学	1
香港华仁书院	1
PRODUCTION ACE演技研究所	1
中京大学	1
中兴高中	1
国立台湾政治大学科管所硕士	1
皇家威尔士音乐戏剧学院	1
庄敬高职表演艺术科	1
仁德大学 英文系（休学中）	1
李贤尧纪念中学	1
中国戏曲学院	1
柏林音乐学院（后担任院长）	1
大阪スク`ルオブミュ`ジック	1
韩国建国大学戏剧电影专业	1
冲绳表演艺术学校	1
嘉悦大学	1
高丽大学言论大学院（硕士）	1
香港城市大学	1
芳夷中学	1
北京演艺专修学院	1
西安交通大学	1
悉尼大学	1
费城柯蒂斯音乐学院	1
Ferris女学院大学日文科	1
朝鲜大学	1
四川美术学院舞美设计（在读）	1
大连外国语大学	1
京畿大学多媒体影像学科	1
青二塾东京校8期	1
加州圣莫尼卡学院	1
北京电影学院99级表演系本科	1
解放军艺术学院（戏剧表演系）	1
东吴大学音乐系	1
河南艺术职业学院	1
博允中学	1
星海音乐学院流行音乐系2006级本科班	1
纽约市立大学皇后学院	1
私立锦城高等学校	1
首尔广播艺术大学	1
韩国培化女子高中	1
新明训高等学校	1
UCLA大学语言学系 休学	1
南昌大学汉语言文学专业	1
阿德莱德高中	1
东京工业大学	1
中央党校	1
专修大学法学部中退	1
首尔女子大学社会福利学系	1
香港演艺学院	1
东京艺术大学音乐部作曲科	1
台中市西屯区至善国民中学（兆弦）	1
台湾世新大学传播系	1
秋溪艺术大学（为演戏而自退）	1
中国文化大学体育系	1
国际关系学院法国文学专业	1
广西大学	1
台湾国光艺校第四届	1
北京市风雷京剧团	1
上海电机学院	1
汉阳大学	1
北海道足寄町高等学校	1
明治大学附属中野高级中学	1
尚明女子大学毕业	1
新疆艺术学院音乐系（就读中）	1
广州市五羊金融财经职业学校	1
日本第一经济大学	1
帝京大学短期大学	1
康普顿百年纪念高中	1
桐朋学园艺术短期大学演剧学科	1
澳洲国立舞台艺术学院National Institute of Dramatic Arts	1
美国罗德岛设计学院	1
胜田声优学院	1
吉林艺术学院	1
陕西理工学院机械系	1
目白学园女子短期大学	1
香港无线电视台训练班第11期	1
星海音乐学院流行音乐演唱专业	1
澳大利亚墨尔本大学	1
苏州市评弹学校	1
北京戏曲艺术学院（表演系）	1
安阳师范学院	1
北大	1
霍尔姆斯查珀尔综合学校	1
中央戏剧学院（就读中）	1
上海师范大学	1
中国人民解放军艺术学院	1
首都师范大学	1
浙江湖州中学	1
中国社会科学院	1
藤女子高校	1
中央民族大学音乐	1
瑞士国际酒店管理大学	1
东京大学音乐艺术创作专业	1
东亚广播艺术大学（休学）	1
中国戏曲学院京剧表演专业	1
全英音乐学院	1
伯克利音乐学院 Fusion Music专业	1
长春市公共关系学校空乘与外事服务专业	1
汕头文化艺术学校	1
武汉科技大学	1
韩国仁川永善高中	1
同德女子高等学校	1
河北师范学院	1
数位首尔文化艺术大学戏剧电影系	1
国立政治大学	1
上海师范大学（硕士学位）	1
青二塾东京校第24期	1
现代音乐学院	1
北京电影学院表演系研修	1
首尔艺术大学放送演艺专业	1
长崎立长崎工业高等学校	1
松坡小学	1
城星学园	1
布里斯托大学	1
R.C. Palmer Secondary School	1
首尔高等学校	1
东京大学法律系	1
庆北外国语大学	1
湖南大学	1
国立艺术学院戏剧系	1
南京航空航天大学	1
崇实高中	1
赤峰学院音乐学院音乐表演专业	1
四川省艺术学校	1
武汉城建学院	1
北京电影学院表演系2006级	1
Fuji University	1
湖北省书画艺术学院	1
福冈hの西田川高校入学	1
东洋大学	1
香港树仁中学肄业	1
台北大学应用英语专业（就读中）	1
高等教育自学考试大专	1
格拉茨大学	1
谢克海茨高中	1
韩国开放网络大学综合艺术系研究所	1
八云中学	1
延吉POP现代音乐学院	1
广州星海音乐学院师范系作曲专业	1
湖南省艺术学校	1
广东外语艺术职业学院	1
东德女子大学实用音乐系	1
日本千叶县立安房高中	1
早稻田大学政治Ug学部	1
国立台湾大学	1
伯克利音乐学院	1
大阪府立大学社会福祉学研究科	1
韩国檀国大学影视演艺专业	1
香港玛丽诺中学	1
中国矿业大学	1
大阪薰英女学院高等学校	1
代代木动画学院福冈校	1
SAE institute	1
龙仁大学	1
美国基督教效力会基督书院	1
湖南艺术学院	1
大阪外国语大学印度尼西亚语专业	1
美国佐治亚大学图形设计系（休学）	1
中国文化大学戏剧学系	1
北京广播学院	1
John Casablancas Institute	1
加州州立大学北岭分校	1
师大附中	1
江陵高等学校	1
台湾国立艺术专科学校	1
上海戏剧学院	1
明智大学	1
中国传媒大学表演导演专业	1
Amusement Media综合学院东京校	1
肯特大学(University of Kent)	1
解放军通讯学院	1
汉阳女子大学	1
上海外国语大学	1
日本工学院	1
中央广播电视大学	1
中国音乐学院声乐系	1
成均馆大学	1
相模女子大学	1
利物浦艺术学院	1
Human Academy	1
全州商业高等学校	1
台湾台北国光艺校（国立台湾戏曲学校）	1
麦吉尔大学	1
世宗大学电影艺术学	1
京都明愿叩妊校	1
韩国江东高中	1
北京师范大学堂	1
东国大学戏剧电影系	1
早稻田大学（中途退学）	1
成都科技大学（现四川大学）	1
LoyolaHighSchool	1
不列颠哥伦比亚大学	1
台湾政治大学中文系	1
日本立教大学经济学部	1
David E. Rue Junior High	1
檀国大学戏剧电影系学士	1
中央戏剧学院2001级表演系本科	1
中国文化大学	1
The University of Arizona	1
韩国东得女子大学电视演艺表演系	1
市立景美女中	1
上海戏剧学院表演音乐剧系2008届	1
关西小学-文洋初中-丰浦高中-东京音乐大学	1
韩国湖原大学	1
Pro-Fit 声优养成所	1
广西创艺艺术职业学校	1
罗斯福总统高中	1
雪城大学	1
解放军艺术学院音乐系	1
日本ナレ`ション演技研究所	1
南通大学	1
韩国中央大学戏剧影视99系	1
加州大学洛杉矶分校	1
韩国东国大学演剧电影科	1
Princess Anne High School	1
淡江中学	1
上海立信会计学院	1
哈尔滨工程大学	1
北京大学研究生院	1
剑桥大学	1
汉阳女子高中	1
Rīgas 64. vidusskola	1
UCLA，哥伦比亚大学	1
牙买加科技大学	1
泰国国立法政大学	1
英属哥伦比亚大学（UBC）	1
檀国大学戏剧系97届	1
川崎综合科学高等学校	1
伯明翰大学	1
多伦多科技学院商业设计科	1
东京音乐及媒体艺术尚美专门学校	1
东方文化学院	1
弘益大学附属女高	1
北得克萨斯州大学登顿分校	1
新北市立林口国民中学	1
不详	1
琼斯学院预备高中	1
青海师范大学艺术系美术专业	1
庆熙网络大学文化艺术经营学系	1
庆熙大学后现代音乐系	1
美国音乐学院	1
迹见学园女子大学	1
明知大学	1
美国路易斯安那大学	1
芳草地国际学校	1
施泰伦音乐学院	1
内江师范学院音乐系	1
弗拉门戈青训	1
明新工专土木工程科	1
浙江省艺术学校培训	1
四川师范大学音乐学院声乐系	1
特拉维夫音乐学院	1
成都大学艺术学院影视表演专业	1
浦和T学校中途退学	1
GD：庆熙大学现代音乐系；太阳：大真大学	1
马尔康师范学校	1
中国传媒大学南广学院播音主持专业（就读中）	1
澳洲皇家墨尔本理工大学	1
国立大学	1
武藏野美术大学	1
Amusement Media总合学院	1
电子科技大学	1
美国网络高中	1
上海大学影视艺术学院	1
私立再兴中学高二休学	1
朱拉隆功大学建筑系	1
意大利帕维亚音乐学院	1
日本工学院专门学校	1
孔敬大学医学专业	1
逢甲大学 银行保险系	1
北京电影学院表演系配音专业	1
日本藤村女子中学（中途退学）	1
中国文化大学美术系	1
明新工专	1
曼彻斯特大学	1
韩国}文高等W校	1
五十团民族中学小学六年级一班	1
台北市华冈艺术学校	1
安大略省美术学院	1
中央音乐学院附属中等音乐学校	1
成都美视国际学校	1
北京四中	1
Bug In A Web	1
E.E. Jeter Elementary School	1
醒吾技术学院	1
美国佩斯大学	1
中学毕业	1
日出高校	1
弘益大学计算机工程学学士	1
韩国中央大学戏剧学院	1
韩国青云大学音乐系	1
墨尔本大学文学学士	1
莱斯利大学	1
水原女子大学	1
北京师范学院	1
蓝康恒大学传播艺术系	1
长弓影业公司第一期演员训练班	1
北原女子高级中学校	1
霍赫音乐学院	1
Amusement Media综合学院	1
四川大学工艺美术专业	1
檀国大学演剧电影科	1
同德女子大学放送演艺学专业	1
釜山大学机械动力工程（肄业）/又松信息大学（在读）	1
高中	1
北京电影学院	1
カリタス女子短期大学	1
台湾师范大学	1
圣哉三一歌	1
Koufuko Middle School	1
韩国大田Shilub专门大学	1
祥明大学电影科	1
国立台湾师范大学音乐系	1
小溪塔第二初级中学 宜昌市上海中学	1
Hammersmith School of Art	1
中央文化管理干部学院	1
日本旁白演技研究所	1
解放军艺术学院	1
俳协Voice Actors Studio声优养成所	1
庆熙大学	1
美国德克萨斯州立大学	1
天津汇文中学	1
明治学院大学经济学部商学科	1
武汉音乐学院作曲系	1
青云大学音乐放送系	1
福建师范大学	1
安徽理工大学	1
上海同济大学经济信息管理专业	1
台北大学	1
南投基督书院	1
明治大学法学院辍学	1
玫瑰岗学校	1
代代木动画学院高等部大宫校	1
Muse音乐学院	1
韩国中央大学艺术学院戏剧系	1
韩国肯特外语学校	1
上海戏剧学院表演系	1
Hall Cross School	1
新井高等学校	1
文学双学位	1
汉城艺术大学神学院	1
丰文女高	1
墨尔本大学	1
冠岳高中鲜文大学国语国文系	1
香港中文大学崇“基”学院	1
美国西北大学	1
日山白石高中	1
江苏师范大学声乐专业（2008级）	1
澳洲女子丁登文法学校	1
军浦中学校；山本工业高等学校	1
JTB Entertainment Academy	1
九州产业大学学院艺术（辍学）	1
莱比锡音乐学院	1
开南大学	1
塔腾维尔高中	1
Vanderbilt University	1
庆熙大学，中央大学研究生院	1
中国艺术研究院(1985年)	1
赣南医学专科学校	1
文藻外国语文专科学校	1
新北市私立南强高级工商职业学校	1
朱拉隆功大学体育系	1
邵阳师专	1
斡裣亓⒑凸夤际高等学校	1
中国地质大学（武汉）外语系英语专业	1
逗子开成高等学校	1
大阪音乐大学短期大学部	1
星海音乐学院师范系	1
广西医学院医疗系本科	1
广岛修道大学	1
独协大学外国学部德德语学科	1
Amusement Media综合学院声优学科	1
日本横滨市立大学经济系	1
中国工商专科学校五专部	1
列治文山中学	1
同德女子大学实用音乐系	1
山东政法学院	1
拉玛西亚青训	1
天主教辅仁大学	1
梨花女子大学研究生院	1
湖南公安高等专科学校	1
桐朋学园大学短期大学	1
MAUSU PROMOTION付属俳优养成所	1
四川音乐学院附属中学	1
香港德明中学	1
玉川大学文学部芸g学科(中途退学)	1
台北艺专	1
首尔艺术学院戏剧系	1
鞍山市68中学	1
北角官立小学	1
上智大学比较文化学部	1
St. Paul's Primary School	1
东新大学实用音乐系	1
拉脱维亚大学音乐学院，	1
n中央大学演剧系	1
洛杉矶音乐学院	1
深圳大学	1
东京音乐大学器乐专业钢琴科	1
福冈音乐专门学校	1
明知大学戏剧专业	1
多摩美术大学	1
杭州师范大学	1
忠清北道女子高等学校	1
国立高雄大学资讯管理学系	1
暹罗大学	1
韩国京畿大学多媒体影像学系	1
成均馆大学表演艺术系；建国大学言论宣传大学院	1
香港理工大学社会科学院	1
Kings Way Princeton England	1
北京民族大学附属中学	1
美国Northland大学	1
韩国艺术综合大学舞蹈系现代舞（拍剧中退）	1
广西艺术学院 四川音乐学院	1
中国戏曲学院（相声大专班）	1
台中技术学院	1
国立艺校	1
首尔翰林艺高中(2013年入学)	1
美国天母学校高中	1
台北市立启明学校	1
东京动画学院	1
四川大学外国语学院	1
省委党校	1
加尔各答大学	1
台湾台北国立中兴大学	1
韩国庆熙大学演剧电影科	1
明德女子高等学校	1
佐治亚州立大学	1
录音艺术专业	1
英国皇家音乐学院，加州大学洛杉矶分校	1
邮电学院	1
青森山田高中	1
江苏省戏曲学校	1
德阳中学	1
立命^大学U友Р	1
澳大利亚皇家墨尔本理工大学建筑系	1
音乐学院附中	1
上海音乐学院音乐戏剧系	1
台湾铭传大学	1
中央戏剧学院音乐剧表演专业（就读中）	1
英皇佐治五世学校	1
祥明女子大学	1
星海音乐学院	1
映像Techno Academia	1
UCLA（加州大学洛杉矶分校）	1
韩国庆熙大学言论情报大学	1
首尔Lila高等艺术学校	1
台北市中国文化大学音乐系	1
首尔艺术大学放送系演艺学科毕业	1
北京电影学院（肄业）	1
复兴美工	1
北京大学新闻系（本科）；中国传媒大学（硕士）	1
日本长崎县立佐世保东翔高等学校	1
美国政要保护学院	1
英国伦敦国王学院地理系	1
台南市中华医事大学	1
卡尔斯鲁厄国立音乐大学	1
多伦多大学，北京大学	1
美国波士顿学院(BOSTON COLLEGE)	1
江南大学	1
陕西机械学院	1
韩国中央大学艺术大学电影系	1
蚌埠五中	1
美国圣安东尼学院	1
上海音乐学院作曲系	1
釜山艺术高中音乐系	1
韩国大庆大学实用音乐学院	1
北京电影学院〔在读〕	1
广西华侨学校	1
云南师范大学	1
国立台湾艺术大学	1
海口琼台师范学院	1
东南工专土木科环保组	1
京都大学工程系	1
开浦高中	1
神户市外国语大学	1
北京现代音乐学院	1
西安音乐学院声乐表演专业	1
成都中医药大学	1
台北科技大学	1
马赛音乐院	1
武汉音乐学院	1
Avex Artist Academy	1
湖西大学实用音乐系（在读）	1
高中）	1
纽约曼哈顿音乐学院	1
北京师范大学附属中学	1
东放学园高等专修学校	1
早乙女学园（除去爱岛塞西尔）	1
悉尼科技大学，伊迪斯科文大学	1
李求恩纪念中学	1
广岛大学教育学部美术科	1
爱知县立小牧高等学校	1
江汉艺术职业学院	1
黑龙江省艺术学校	1
女子高等学校	1
明爱白英奇专业设计学校	1
黑龙江工业学院（鸡西大学）	1
山东菏泽音乐艺术专修学院	1
台湾中山大学文学院音乐系99级	1
泰国农业大学	1
俄罗斯国立音乐学院	1
罗德岛设计学院	1
北京戏曲学院（花旦）中央戏剧学院（表演系）	1
P's Voice Artist School	1
鲁顿大学	1
京都精华女子高等学校	1
现就读于爱尔兰香侬酒店管理学院	1
克拉克纪念国际高校	1
解放军艺术学院声乐系	1
韩国中央大学电影系	1
四川文化艺术学院	1
华冈艺校	1
美国长青州立大学	1
山东大学	1
可立中学，第十期无线艺员训练班	1
斡裣亓⒋口青陵高等学校	1
广东英德市华粤艺术学校	1
广东女子职业技术学院	1
文化大学广告学系	1
_|技gW院	1
首尔市江南区现代高中	1
东京大学教育学院教育心理学专业	1
玛利诺修院学校	1
松原大学	1
湖北中医学院	1
北京现代音乐研修学院音乐制作系2009级	1
圣三一学院	1
国立屏东农专畜牧科	1
台湾观光学院	1
南京艺术学院音乐系	1
中国逻辑与语言函授大学	1
庆熙大学后现代音乐专业	1
卡内基・梅隆大学戏剧系	1
美国旧金山艺术学院	1
波恩大学	1
黑龙江工程学院	1
声优学院青二塾东京校所	1
东京艺术座附属演剧本研究所	1
广西大学计算机系	1
上海音乐学院民乐系	1
韩国汉阳大学戏剧电影系	1
Cardinal Ambrozic Catholic Secondary School	1
安徽财经大学	1
首尔翰林艺术高中（后转入）	1
四川师范大学电影电视学院（今四川电影电视学院）	1
北京大学附属中学	1
台湾文化大学文学系	1
东国大学演剧系	1
密歇根大学和纽约大学	1
桐朋学园艺术短期大学	1
白岩高等学校	1
天津音乐学院2006级现代音乐系	1
西京大学模特演艺专业	1
湖南师范大学，解放军艺术学院	1
日本艺术高等学园	1
格拉斯哥大学	1
哈萨克斯坦国立艺术大学	1
四川师范大学表演系	1
Brigham Young University	1
St. Robert's Infant (1971)；St.Bernard's Primary (1972)	1
洗足学园大学音乐学部	1
桐朋学院艺术短期大学	1
沈阳工业大学	1
庆熙网路大学	1
世宗大学实用舞蹈系（休学）	1
东国大学演剧映像系	1
马哈・撒拉克玛体育大学	1
香港理工大学	1
岐阜h立大垣南高等学校	1
东新大学实用音乐科	1
云南艺术学院	1
Isleworth Polytechnic CollegeEaling Art College	1
泰国朱拉隆功大学	1
台北商专	1
台湾淡江大学	1
沈阳工业大学会计学系	1
首尔表演艺术高中	1
大西学院高校	1
西门女高	1
北京语言大学	1
韩国建国大学（电影系休学）	1
西南财经大学	1
中央戏剧学院（进修）	1
四川音乐学院 河南大学	1
北京电影学院表演系本科2000级	1
上海戏剧学院03级表演系本科	1
武藏野音乐大学声乐科	1
青山学院大学（中退）	1
英国约克圣约翰大学	1
中国戏曲学校	1
大阪艺术大学肄业	1
浙江理工大学建筑环境与设备工程系	1
香港教育学院音乐系	1
翰林娱乐艺术高中	1
泰国SUANUSIT大学	1
立命馆大学映像学部	1
西安中国画院	1
怀雅逊大学	1
福安师范学校	1
东京声专音乐学校（现昭和音乐艺术学院）	1
伦敦艺术大学油画系(2007年7月)	1
玉川大学艺术学部表演艺术学科	1
韩国中央大学公演影像学硕士	1
上海戏剧学院2004级表演系	1
延世大学（硕士）	1
湖南省广播电视大学	1
台中私立学校	1
朱拉隆功大学	1
汉阳大学 电视剧电影学科	1
仁川海洋科学高等学院	1
南京大学	1
