company	count
Pledis Entertainment&乐华娱乐	1
独立音乐人	1
Around US Ent.	1
EVIL LINE RECORDS（唱片公司）	1
IAM AGENCY	1
Geffen	1
猊伐绌`マ	1
Fantic	1
Cre.Ker娱乐	1
TS Entertainment	1
广州酷狗计算机科技有限公司	1
Hirata Office	1
ps娱乐	1
オフィス?ゲンキ	1
四川美麟承恩文化传媒有限公司	1
Panda Funk	1
韩国STARSHIP娱乐公司	1
Remax	1
剧团向日葵	1
Blue Note	1
Beats By Dr.Dre	1
YELLOW TAIL	1
pure:infinity (Being)	1
太田Production	1
DoubleKick Entertainment	1
爱联社国际文化发展有限公司	1
Syco music	1
Lion Media	1
香港英皇娱乐集团	1
北京凸显凹印文化发展有限公司	1
GREEN EAVES	1
NegaNetWork	1
Dreamusic	1
尾木PRO THE NEXT	1
比高集团	1
三木production	1
MNET经纪公司下的 F&C MUSIC	1
Pink Entertainment	1
Cash Money Records	1
81 Produce（声优）	1
EAS Music	1
PONY CANYON（唱片公司）	1
迪士尼公司	1
戏梦堂娱乐经纪有限公司	1
Pro・Fit（事务所）	1
LUA娱乐	1
黑金时尚	1
可米国际影视事业有限公司（可米制作股份有限公司）	1
ACUBE Entertainment	1
BMG	1
Palette→VISION FACTORY	1
戴荃工作室	1
ZAIN RECORDS	1
索尼音乐娱乐	1
宏将多利安演艺经纪公司	1
Kill Rockstar公司	1
WaterTower Music	1
Konvict Muzik	1
 Delta	1
elen Entertainment（韩国）A&B Film（中国香港）	1
天地合娱乐	1
GH Entertainment（韩）HYEntertainment（日）	1
北京博众星和影视有限公司	1
大名娱乐	1
AIR AGENCY	1
LDH事务所	1
Love&Light	1
果然天空	1
大地唱片	1
国语之星	1
Columbia	1
Black Wall Street	1
黄渤工作室	1
伟大文化(北京)有限公司	1
重视文化传媒	1
アクセント	1
TOY'S FACTORY	1
Super Eccentric Theater	1
HM Entertainment	1
邓紫棋工作室	1
t-echo	1
Rokkan Music（唱片公司）	1
百娱传媒股份有限公司	1
十一音乐	1
music&new	1
Being唱片公司	1
MOJOST	1
innexttrend（santamusic）	1
苏有朋工作室	1
北斗企鹅（北京）文化传播有限公司	1
欢娱影视	1
如皋市水木演艺经纪工作室	1
红线音乐	1
ARTSVISION（事务所）	1
DSP Entertainment	1
SH ENTERTAINMENT	1
NH Media	1
梦响强音文化传播(上海)有限公司	1
KQ Entertainment	1
sweet f.a.	1
邓超工作室	1
歌林	1
Starship Entertainment	1
北京太格印象文化传播有限公司	1
万星传播股份有限公司	1
Viva music	1
オフィシャルブログ	1
JTB Entertainment	1
大盛国际传媒（北京）有限公司	1
Music Never Sleeps	1
Peruzzi Music	1
KOZ Entertainment	1
帕洛风唱片	1
axl-one	1
Amoeba Culture	1
We the Best Music Group	1
苗圃工作室	1
Prain TPC	1
北京电光石火文化传媒有限公司	1
BloomZ	1
环球唱片等（已解约）	1
梦响强音	1
Victor Entertainment	1
贤PRODUCTION	1
上海香蕉计划文化发展有限公司	1
北京练习生文化控股有限公司（北练娱乐）	1
8录音乐工厂	1
艾回	1
水晶唱片 Mercury	1
北京摩登影子演出策划有限公司	1
中国爽乐坊唱片	1
劲桦娱乐有限公司（2018―）	1
THREE TREE	1
Pop Star经理人公司	1
北京石乐皓风文化传播有限公司	1
Mercury	1
Mausu Promotion	1
HOW Entertainment（韩）	1
DreamStar	1
红人公司	1
大地时代文化传播有限公司	1
Bad Boy唱片	1
J.TUNE CAMP	1
WMA威廉莫里斯经纪公司	1
青二事务所	1
LesPros Entertainment	1
Armada Music	1
JTM Entertainmnet	1
古伦美亚	1
可米国际影视	1
Avex Management Inc	1
Jonas Brothers Recording	1
坤杰影视传媒有限公司	1
滚石国际音乐有限公司（百娱时代）	1
朱梓骁工作室	1
COMPANY 919	1
未知（已退出海蝶）	1
乐华娱乐旗下全资子公司触发娱乐	1
Parlophone MusicBelgium	1
SME旗下独立厂牌Music Ray'n Inc.	1
FNC Entertainment	1
和气音乐	1
博众星和影视有限公司	1
少城时代	1
MER Musikk	1
Starhaus Entertainment	1
比武制作	1
费菟o	1
N.A.P. Entertainment	1
通力时代	1
Pro-Fit	1
double entertainment	1
G-Major Management	1
国会唱片	1
RBW Entertainment	1
贤Production	1
YG K+	1
M-Peace（声优事务所）	1
ZEN MUSIC	1
张柏芝工作室	1
SiduHQ Entertainment	1
Woollim Entertainment	1
ArtsVision	1
志强文化	1
CI Entertainment	1
amuleto	1
「cutting edge」旗下艺人	1
孔雀唱片	1
Super Records	1
santa music	1
日本Columbia	1
宝丽金及百代	1
Vision Factory	1
张亮工作室	1
天浩盛世	1
乐华娱乐(YUEHUA Entertainment)	1
キュ`ブ	1
Sony Music Associated Records Inc.	1
当然娱乐	1
北京尚义恩图文化发展有限公司	1
Paramount Music	1
Production Tanc	1
风华秋实	1
东嘉娱乐	1
北京市鲸梦文化传播有限公司	1
胜利娱乐	1
Maroo娱乐	1
Universal	1
日本哥伦比亚唱片	1
Oscar promotion	1
中唱艺能	1
北京百慕文化发展有限公司	1
星艺动力娱乐传媒	1
北京老班长音乐工作室	1
Snurise Agency	1
Doo Republic	1
吴磊工作室	1
仁宇企划	1
CBS芬兰公司	1
Jstars Entertainment	1
GNG Production	1
Good Creators Records	1
Industria Inc. ・ Sony Latin ・ RCA	1
Blackground唱片公司	1
Pomarangel	1
北京多乐思文化传媒有限公司	1
A1	1
香港雨墨唱片有限公司	1
嘉行杨幂工作室（唱片公司为少城时代）	1
摩登天空唱片	1
繁星浩月娱乐有限公司	1
乔杰立经济公司	1
Fly Eye	1
Jarmy Entertainment	1
avex trax	1
百鸿扬娱乐	1
中国3D数码娱乐有限公司	1
犬象公司	1
Right Gauge（事务所）	1
CARROT HOUSE	1
上海天娱传媒有限公司	1
STARSHIP entertainment	1
北京唱高文化传媒有限公司	1
Style Cube（事务所）	1
北京隽逸文化传媒有限公司	1
SC Entertainment	1
Quality Control Music	1
郑爽工作室	1
太阳音乐公司	1
EMI 华纳 维京	1
Sigma 7	1
earlywing（准所属）	1
N.A.P Entertainment	1
Discovery Next	1
Nippon Crown Co	1
バ`ニングプロダクション	1
A station	1
Top Media	1
CJ entertainment	1
YNB Entertainment	1
索卡尼娱乐	1
INTENTION	1
Music K Entertainment	1
Warner Home Video（唱片公司）	1
FaithEntertainment	1
Woollimentertainment	1
深圳大龙文化传播有限公司	1
合圆齐天国际文化发展（北京）有限公司	1
Stay Luck（声优事务所）	1
国韵文化（中）	1
有沐音乐	1
Nextar Entertainment	1
金南玲工作室	1
人山人海	1
华纳唱片	1
沈阳丝芭文化传媒有限公司	1
东芝EMI唱片公司	1
韩国YG娱乐公司	1
百娱传媒股份有限公司（中国）	1
东阳欢娱影视文化有限公司	1
BENJAMIN Entertainment	1
I'm enterprise	1
HD Entertainment	1
Big Beat	1
Pink Armchair Records (US)	1
林フ芤衾稚	1
UUUM	1
野火娱乐	1
星淘娱乐	1
NEW PLANET Entertainment	1
北京梦幻星辰传媒有限公司	1
J.Wide Company	1
邓丽君文教基金会	1
Kplus模特经纪公司	1
HOT & COLD	1
2012年 组合训练新团体bingirls	1
Illionaire Records	1
CJ E&M（MMO）	1
韩国H2 Media	1
北京华影传媒有限公司	1
群星瑞智国际娱乐股份有限公司	1
Star-Empire Entertainment	1
United Artists Agency	1
索尼音乐娱乐公司	1
S k y blue Entertainment	1
ZOO Entertainment	1
Ability Soul Pro	1
Nappy Boy娱乐	1
千和世纪	1
Sound Destruction!	1
We Rule Entertainment	1
我们凝聚（北京）文化传媒有限公司	1
成龙中国	1
广州新月演艺公司	1
TMS MUSIC（唱片公司）	1
响（声优事务所）	1
GP Entertainment	1
Pastel Music	1
正大国际	1
A3 PRODUCE（旗下艺人）	1
GREEN LEAVES	1
星梦娱乐集团有限公司	1
PANEntertainment	1
新湃传媒	1
亚洲电视	1
圣元互娱	1
萨摩亚商妮乐佛创意有限公司台湾分公司	1
spinning	1
Def Jam唱片公司	1
青二Production（声优事务所）	1
Freebandz	1
Atomic Monkey	1
君乐天禧传媒	1
Deram Records	1
君乐天禧	1
砂冈事务所	1
大无限音乐	1
艾迪升传播事业有限公司	1
Seven Seasons	1
Kstar娱乐公司	1
Yuleum Entertainment	1
海润影视制作有限公司	1
北京斯立文化传播有限公司	1
Original Triple Effect Studios	1
BMG唱片公司	1
Haewadal Entertainment	1
Polaris Entertainment	1
北京仨仁文化传媒有限公司	1
天狼音乐	1
Plan M Entertainment	1
C-jes娱乐	1
泽东电影	1
音华娱乐（内地经纪）	1
索尼	1
北京拾捌文化经纪有限公司	1
广州新月演艺经纪有限公司	1
81 Produce（声优事务所）	1
北京娱动力文化传媒有限公司	1
国际音乐集团	1
邓伦工作室	1
81produce（junior）	1
天涵有限公司	1
黑龙音乐工作室	1
anco&co.	1
三川娱乐	1
JF Entertainment	1
Stardust（星尘）	1
北京百乐华章国际文化传媒有限公司	1
泰国7台	1
波丽佳音	1
中港桃园马浚伟工作室	1
United Talent Agency	1
北京东雷文化传媒有限公司	1
巨声传媒	1
The Black Label	1
SQUARE・ENIX	1
YG Entertainment	1
共和国唱片	1
深圳市华音世纪文化传播有限公司	1
US唱片公司	1
百娱传媒股份有限公司（演出）	1
VERY GOO	1
ARTSVISION（声优事务所）	1
阔思音乐有限公司	1
No Genre	1
Maya Entertainment Limited	1
EA&C	1
星曜国际娱乐（全约）	1
BLUESKY	1
原SM Entertainment	1
Office t.b.	1
老鹰音乐	1
Darwin	1
七娱乐影业集团	1
Frontier Works	1
香港电视广播有限公司（TVB）	1
Viewga Entertainment	1
TOY'S FACTORY（唱片公司）	1
King Kong Entertainment	1
Polydor Records	1
SPACE CRAFT（事务所）	1
星娱乐唱片公司	1
立音国际	1
台湾飞碟唱片公司	1
BETTA FLASH	1
PPM华傲波士达	1
并且于2013年6月出道	1
滚石唱片	1
WM Entertainment	1
十三月音乐独立厂牌	1
井姐（上海）文化传播工作室	1
唱剑文化	1
IMAGINE	1
个人工作室	1
Around US	1
柏霖时创	1
Amuse事务所	1
S（事务所）	1
Happy Tribe Entertainment	1
北京冒牌文化传播有限公司	1
北京海蝶音乐有限公司	1
酝星传媒	1
华数唱片	1
Dongyo Entertainment	1
5pb	1
娱乐达人	1
欢瑞世纪	1
上格华星	1
Horipro（事务所）	1
D-GO(GIZA Studio)	1
北京伯乐爱乐文化有限公司	1
RBW	1
梦响当然音乐	1
Stay luck	1
Mr.305Inc.	1
日本艾回	1
华研国际音乐股份有限公司	1
日本哥伦比亚（唱片公司）	1
上海丝芭文化传媒有限公司	1
81produce	1
Shila Amzah Entertainment Berhad	1
顶级狗娱乐	1
LIVE WORKS Company	1
KEYEAST	1
office EN-JIN（声优事务所）	1
Atlantic Record	1
JVC唱片公司	1
Prodigy Artists	1
BMA 嘉禾唱片 擎天娱乐 环球	1
Hawaii mana music	1
Production Baobab	1
BH Entertainment	1
太田制作	1
台湾飞碟唱片	1
HY Entertainment	1
BluePrint Music	1
MLTR Music	1
Wood Park Office	1
赵薇工作室	1
Aftermoon Records Inc.	1
Makeus Entertainment	1
龙t国际影视制作有限公司	1
杭州名星文化艺术传播有限公司	1
上海曼铃文化传媒	1
S-Curve Records	1
环球唱片	1
Across Entertainment	1
BESIDE INC.	1
Mausu promotion	1
Red Line Entertainment	1
Stardust Promotion	1
歌林唱片	1
HYP Entertainment	1
link-plan	1
Mystic89	1
GOOD Music	1
BH Entertainmen	1
艾基木文化	1
mystic娱乐	1
FlyingDog（唱片公司）	1
广东强视影业传媒有限公司	1
queens label（唱片公司）	1
WHentertainment	1
北京福熹嘉禾文化传播有限公司	1
娱人制造文化传媒有限公司	1
华谊兄弟文化经纪有限公司	1
NamooActors	1
“永星”唱片公司	1
Red Brick House	1
Digital Media Wire（美国）	1
Star Empire Entertainment	1
U	1
One Dollar Music Publishing	1
歌邦娱乐（活动）	1
OSCAR PROMOTION	1
尾木pro THE NEXT	1
51K	1
スマイルカンパニ`	1
 Windstar	1
丹麦索尼音乐娱乐公司	1
Kiroy Company	1
美梦成真音乐	1
北方天狼（天狼音乐）	1
简单快乐文化	1
Mudhut Digital	1
日本研音	1
Purplay Entertainment	1
华谊浩瀚	1
KONAMI DIGITAL ENTERTAINMENT	1
相信音乐（唱片）	1
AKS事务所	1
东京京俳优生活协同组合	1
Zynchro（声优事务所）	1
Mercury Records	1
Fake Music Media	1
True Project	1
寰亚传媒集团有限公司	1
Clare Voice	1
拾贰星座（北京）娱乐传媒有限公司	1
致力音乐	1
北京海润演艺经纪有限公司	1
太合音乐集团	1
洹国际文化	1
Hunus Entertainment	1
MAUSU PROMOTION	1
JobbyKids	1
波佳音（唱片公司）	1
vision factory	1
????	1
司麦澳文化	1
Geneon Universal（唱片公司）	1
J-wide Company	1
Vagrancy	1
贺敬轩工作室	1
周子娱乐	1
loen	1
At Night Management	1
Capitol Records Nashville	1
XL Recordings	1
北京诚利千代文化传媒有限公司	1
伊能静工作室	1
宝号娱乐	1
大象音乐	1
Live Works Entertainment	1
恒大音乐公司（唱片）百娱时代（演出）	1
东亚唱片制作有限公司	1
诚利千代娱乐	1
RAMS	1
神艺文化	1
FUMUSIC	1
宋茜工作室	1
可米瑞智国际艺能有限公司（曾经）	1
Sensibility	1
祖与占影像制作股份有限公司	1
伟大文化	1
YG	1
EXIT TUNES	1
Unknown Indie	1
INTACT RECORDS	1
北京大隐光时文化传媒有限公司	1
西安青曲影视文化传媒有限公司	1
洹国际文化股份有限公司	1
Dmaker Entertainment	1
Arc Jewel	1
萌样影视	1
LMC Music内明斋音乐	1
A CUBE Entertainment	1
DJS 72	1
Dif Jam	1
哥伦比亚广播公司索尼唱片公司	1
Rush Style（事务所）	1
81 PRODUCE	1
东京俳优生活协同组合（声优）	1
Hook Entertainment	1
DIVE II entertainment（唱片公司）	1
Chrome Entertainment	1
GOOD-DAY	1
Jellyfish Entertainment	1
Island Records	1
Pro・fit（事务所）	1
EARLY WING（事务所）	1
Toy’sFactory	1
香蕉娱乐	1
Ace Crew	1
keyeast	1
中视亚太国际传媒	1
NBC Universal（唱片公司）	1
中视新景象	1
SONY BMG	1
 Plateau Records	1
爱贝克思（Avex management）事务所	1
音华娱乐传媒	1
中国华娱传媒	1
摩登天空旗下HIPHOP厂牌MDSK	1
现H2 Media	1
魏晨工作室	1
HORIPRO（声优事务所）	1
Off The Record Entertainment	1
Trophy Entertainment	1
捷特联合（音乐）	1
早安家族	1
81Produce	1
电视广播有限公司	1
音}レコ`ド	1
Exact Scenario	1
Hollywood	1
诚利千代娱乐集团	1
2101	1
合纵星光EQ唱片	1
Stockholm Records（瑞典）	1
北京女子水晶乐坊文化传媒有限公司	1
永恒唱片	1
Just Production	1
Production baobab（声优事务所）	1
Lench Mob Records	1
 Atlantic	1
81 PRODUCE（声优事务所）	1
日本华纳家庭娱乐（唱片公司）	1
SidusHQ Entertainment	1
Crazy Box	1
Poe Boy娱乐	1
小马工作室	1
华顺文化	1
S.A.G舞台艺术工作组（北京博生兄弟文化传播有限公司	1
Star Factory	1
White Dream	1
935娱乐	1
上海原际画文化传媒有限公司	1
中国评剧院	1
OWSLA	1
avex vanguard Inc.	1
中国音乐著作权协会(1993 - )	1
传奇星娱乐公司	1
明星帝国娱乐公司	1
横山智佐事务所「Bambina」	1
华乐兄弟	1
吴镇宇工作室	1
ATプロダクション	1
 Universal	1
北京寰宇自由影视文化有限公司	1
林心如工作室	1
北京天浩盛世音乐文化	1
北京世纪乐音传媒	1
北京东方飞云国际影视公司	1
点时唱片	1
SACRA MUSIC	1
Keyeast	1
SOLID VOX（事务所）	1
华研国际（2000-2018）	1
Bulldocking Headlock	1
fides spatium	1
Young Money	1
604 Records	1
 环球唱片	1
北京德云社	1
I'm Enterprise（声优事务所）	1
DR Music	1
Dandelion（事务所）	1
宝丽金唱片	1
丽风	1
坤音娱乐	1
Universal Music	1
哇唧唧哇娱乐	1
上华唱片	1
尾木Pro THE NEXT	1
北京新声娱乐有限公司	1
索尼音乐	1
Sony BMG	1
太合麦田	1
亚迪传媒	1
Masao Nisugi	1
哥伦比亚唱片	1
云梵文化经纪公司	1
C-Jes娱乐	1
宇桐非影音工作室	1
春生工作室	1
S.A.L.T Entertainment	1
Management	1
HMI Entertainment	1
斯琴高丽工作室	1
records associated sony music	1
MusicWorks	1
Om music	1
上海天人慧致文化传播有限公司	1
元气プロジェクト	1
Taurus	1
APOP娱乐	1
pugnus	1
易石大橙（北京易石大橙文化传播有限公司）	1
M	1
production-ace	1
DIFFERENCE(现)	1
Music Ray’n	1
歌邦娱乐	1
I'm Enterprise（事务所）	1
Jungle Entertainment	1
Interscope.Roc	1
北京百娱国际文化传媒有限公司	1
DNAmodels	1
株式会社AKS	1
米未传媒	1
Syco Music	1
王瑞淇工作室	1
Jive Epic（2008年之后）	1
Woollim Label	1
北京乐之昂文化传媒有限公司	1
不二文化	1
noon company	1
Mosley音乐集团	1
Anjunabeats	1
好莱坞唱片公司	1
ディスカバリ` エンタ`テイメント（Discovery entertainment）	1
映艺娱乐	1
北京星特龙音乐工作室	1
华纳音乐	1
黑金经纪	1
糖衣文化	1
段红工作室	1
MothercompanyEntertainment	1
太合音乐	1
乐王唱片	1
Dream Star Entertainment	1
Rallye-Label	1
LINK-PLAN（声优事务所）	1
OfficePAC	1
Sony	1
amuse事务所	1
MAGNUM RECORDS (2012年 - )	1
Chase	1
明道工作室	1
爱贝克思集团控股公司	1
KATIE CHAN PRODUCTIONS CO.LTD	1
北京树音乐文化传播有限公司	1
寰亚演艺经纪（内地）	1
KIWI MEDIA GROUP	1
北京君竹影视文化有限公司	1
Starship Entertainment韩国	1
香港电视广播有限公司	1
hc entertainment	1
iamagency	1
金牌大风	1
KIDinaKORNER	1
\猫堂	1
和颂传媒（合伙人）	1
Dreamcatcher Company	1
弯的音乐	1
RME	1
星空动力	1
杰威尔音乐有限公司	1
和颂传媒	1
飞乐唱片	1
Go Good Records	1
Yedang唱片娱乐	1
Banana Culture entertainment	1
北京酝星文化有限公司	1
秦歌传媒	1
 Shinhwa Company	1
VIMS	1
Aftermath娱乐	1
EnterArts Global	1
北京京文公司	1
张冬玲音乐工作室	1
GM Contents Media	1
后青年(大)	1
GM	1
BLUE经纪公司	1
TOP Media	1
Cube Entertainment	1
太歌文化	1
Office Anemone	1
ACROSS ENTERTAINMENT	1
LOOK AT ME	1
上海星外星文化传播有限公司	1
Powdered Sugar	1
sony music	1
Edge	1
永佳电影公司	1
白鲸音乐	1
福茂唱片	1
极韵文化	1
泰洋川禾文化传媒	1
Empire Distribution	1
新视镜唱片公司	1
EASTWORLD ? EMI Music Japan	1
Inc	1
丰华唱片股份有限公司	1
青海卫视	1
MOON ? WARNER MUSIC JAPAN	1
Taxi Entertainment	1
ジャグラ`	1
英皇娱乐集团有限公司	1
青二	1
Crocodile	1
n.CHEntertainment	1
Coridel Entertainment	1
豪记唱片	1
北京简单快乐文化发展有限公司	1
寰宇娱乐	1
Victor（唱片公司）	1
东映摄影所	1
环球唱片 天韵传媒	1
黑洞唱片公司	1
JKT48 Project	1
音华娱乐文化传媒	1
BS Company	1
北京浩瀚天娇文化传媒有限公司	1
Mellow Head	1
The Turbo Company	1
Starentry Entertainment	1
Aegean	1
莫斯利音乐(Mosley Music)	1
Kiramune（唱片公司）	1
cube entertainment	1
LOVE×TRAX Office	1
天高娱乐公司	1
磁力音乐	1
美妙音乐	1
大西洋公司	1
サンズエンタテインメント	1
北京鑫宝源影视投资有限公司（影视）	1
crocodile	1
NAMOOACTORS	1
贾乃亮工作室	1
百艺星图	1
光纳文化传媒	1
FAITH	1
Warner Bros. Records 	1
 Universal Republic	1
尾木制作	1
玉泽东方（北京）文化传媒有限公司	1
广州品洋文化传播有限公司	1
flyingdog	1
广州东源时代文化传播有限公司	1
韩国DSP公司 星汇传媒	1
BMGJAPAN	1
81PRODUCE	1
cube	1
Dirty Hit Records	1
avex classics	1
Ardent	1
HIGHGRND	1
Stella Entertainment	1
ACROSS ENTERTAINMENT（事务所）	1
Management Soop	1
丽风唱片	1
ケイダッシュステ`ジ	1
奇迈文化（CheckMate Entertainment）	1
无锡仁艺文化传媒有限公司	1
LesPros entertainment	1
HyperVoice（ハイパ`ボイス）	1
EMI唱片公司	1
上海花花草草影视文化传媒有限公司	1
凤凰艺能经纪公司	1
淳music	1
战斗音乐工作室	1
Ultra Records	1
齐浠儿工作室	1
M&H Entertainment	1
香港飞图娱乐	1
 Island	1
梦想强音文化传播（上海）有限公司	1
等	1
上海越剧院	1
LANTIS	1
Seed & Flower	1
和序文化传播有限公司・黄龄工作室	1
JTG Entertainment	1
PocketDol Studio	1
上海喜天影视文化有限公司	1
Namoo Actors	1
熊焱国际	1
喜天影视	1
爱奇艺	1
彩虹唱片公司	1
Def Jam	1
Pro・fit	1
湖南经济卫视	1
CI ENT	1
湖南卫视有限公司	1
上海丝芭文化传媒集团有限公司	1
Z.Y.Entertainment	1
Pro・Fit	1
北京心创兄弟文化传媒有限公司	1
电影频道华诚数字制作中心	1
Red Light Management	1
百代唱片	1
J-Star	1
5pb.（唱片公司）	1
Disturbing tha Peace	1
Macklemore LLC	1
江映蓉工作室	1
中锟传媒	1
中联传媒股份有限公司	1
廿一克有限公司	1
B-Gram RECORDS	1
研音	1
WIDMAY	1
T's Factory	1
avex-pictures	1
Republic Records	1
梦响强音文化传播（上海）有限公司	1
BH娱乐公司	1
19 sixty five	1
Yedang Entertainment	1
AND	1
玖月奇迹工作室	1
同人舍	1
京乐吉本股份有限公司	1
PLATINUM PRODUCTION	1
Tree-J娱乐	1
炫音音乐有限公司（台湾）	1
 Columbia	1
北京蒂星创艺文化发展有限公司	1
Uni 唱片公司	1
中唱艺能（北京）有限公司	1
华谊兄弟传媒集团	1
H-Entercom Keyeast Co. Ltd	1
海生音国际文化	1
台湾荣星国际唱片公司	1
大人计划（演员）	1
NH EMG	1
塑星文化传媒	1
蓝白国际传播公司	1
Sony Music Records	1
BISCUIT ENTERTAINMENT	1
王子异工作室	1
Elite Models	1
AXL-ONE	1
环球动音	1
生命树音乐创意工作室	1
Plan A Entertainment	1
WITH LINE	1
自由身（声优）	1
VISION FACTORY	1
荷塘月色文化	1
超能唱片	1
dandelion	1
Just Production（声优事务所）	1
Apple of the eye Co.	1
灿星	1
Mad Decent	1
星天传媒	1
旗帜传媒	1
剧团丸福ボンバ`ズ（演员）	1
东方斯卡拉・山河大业影视文化	1
AMUSE（事务所）	1
泰国三台	1
ベストポジション (芸能プロダクション)	1
智才娱乐	1
evolution	1
上海火核文化传媒	1
福隆经纪公司	1
易柏文化	1
北京橙天拾捌文化经纪有限公司	1
海纳百川	1
普宁乔韵文化	1
哥伦比亚艺术家管理公司（CAMI）	1
glove entertainment	1
Asylum唱片	1
C9 entertainment	1
坏兔子影业	1
ZERO-A（唱片公司）	1
陈俊彤工作室	1
唐羽文化	1
Lam & Lamb Entertainment Ltd.（香港）	1
华纳兄弟娱乐公司	1
放映新社	1
浙江卫视中国蓝	1
GMA TV	1
北京德云社文化传播有限公司	1
Sub Pop唱片公司	1
渡边娱乐	1
Warner Music Japan Inc.（唱片公司）	1
英皇娱乐集团	1
lynn harless	1
AKSENT	1
Teichiku Entertainment	1
腾讯互动娱乐	1
Def Jam Records	1
成都亿豆音乐文化发展有限公司	1
swallow	1
香港星空娱乐集团	1
J Wide Company	1
mau5trap	1
Gmm Grammy	1
星辉公司	1
北京唐嘉文化传播有限公司	1
台视演艺经纪联盟	1
泽东电影公司	1
天津唐人影视股份有限公司	1
北京丝芭文化传媒有限公司	1
Decaydance	1
和和花园（北京）文化传媒有限公司	1
Urban Works Entertainment	1
Starship-x Entertainment	1
星娱乐（Neway Star）	1
范冰冰工作室	1
霍尊（上海）文化传播工作室	1
北京金翼龙唱片公司	1
上海烈火影视文化有限公司	1
星伦传媒	1
百娱时代（内地）	1
擎天娱乐	1
爱情海唱片	1
北京普林赛斯文化传播有限责任公司	1
爱贝克思	1
RBW Entertainment经纪公司	1
Brave Entertainment	1
CHOON Entertainment	1
drdramc	1
UP-FRONT GROUP	1
华音鼎天	1
MCA Nashville Records	1
株式会社5PROJECT	1
众乐纪	1
丰华唱片（台湾）百娱传媒股份有限公司（内地）	1
Hirata Office（声优事务所）	1
SKY CORPORATION	1
宜昌市平英文化传播有限公司	1
华纳唱片（唱片公司）	1
StarEmpire	1
OON RECORDS	1
传亚国际文化传媒（北京）有限公司	1
Arts Vision	1
Custard唱片公司	1
台湾8866唱片公司	1
大西洋唱片(Atlantic Records)	1
少城时代梁博工作室	1
C-JeS Entertainment（韩国）	1
Subcul-rise Record	1
A-Plus	1
TVB	1
天娱传媒	1
Troubadour音乐事务所	1
东京俳优生活协同组合（声优事务所）	1
REMAX	1
北京麦尔文化	1
M&M Artist Management	1
Avex Planning & Development	1
Lights Music	1
Office PAC	1
北京大音君和文化传媒有限公司	1
相信音乐	1
Shady唱片	1
“天籁村”唱片	1
Nuclear Blast	1
EMI	1
吉杰现属于北京木星时代文化传媒旗下艺人。	1
宝丽金	1
PINK RECORDS（自主唱片公司）AMC（艾回唱片公司）	1
小岛唱片	1
维艺坊音乐	1
综一唱片	1
RapProducts	1
ave	1
新艺宝唱片（1990-1996）	1
建音企划	1
北京千竹蕊文化传媒有限公司	1
Dream Tea Entertainment	1
环球壹线	1
壹心娱乐	1
麦锐娱乐	1
Elektra公司	1
蜂鸟唱片	1
musicNEXT	1
Capitol唱片	1
Beluga Heights	1
AXL-ONE（事务所）	1
JVCmusic（音乐签约）	1
Sumthing Else Musicworks	1
歌浴森工作室	1
大泽事务所（声优事务所）	1
胡兵工作室	1
新京文唱片公司	1
Cash Money	1
北京欢唱丽音文化发展有限公司	1
东亚唱片	1
Aware唱片公司签约	1
S(前)	1
|京俳生活f同M合	1
TN Entertainment	1
Music Ray'n事务所	1
袁姗姗工作室	1
Box Corporation	1
NORTHERN MUSIC	1
胜利娱乐（唱片公司）	1
L extra tele Tre	1
FLaMme	1
S.M. Entertainment（韩）	1
红馆经理人公司（香港）	1
北京盛夏星空影视传媒有限公司	1
KingKong by STARSHIP	1
北京华数唱片公司	1
上海文化经纪有限公司	1
C2K娱乐	1
汤潮音乐工作室	1
jungle entertainment	1
红馆经理人公司（2005至今）百娱时代（内地）	1
北京世邦博文文化经纪有限公司	1
RunTimeMusic Entertainment Inc	1
Around Us Entertainment	1
自由身	1
韩国SM娱乐有限公司	1
韩国海绵娱乐公司	1
Amuleto	1
新疆皓峰文化传媒有限公司	1
哥伦比亚唱片公司华纳兄弟唱片公司	1
Exact	1
P NATION	1
北京百娱时代国际文化传媒有限公司	1
Wall唱片	1
Anti-Record	1
SPACE CRAFT（声优事务所）	1
MOVINGON	1
倪虹洁工作室	1
BPStory Entertainment	1
Amuleto（声优事务所）	1
恒大音乐有限公司	1
宇乐乐文化传媒（经纪）环球唱片公司（音乐）	1
SARAM Entertainment	1
 Ltd	1
 Black Mammoth Records	1
环球音乐集团(Universal Music Group)	1
LINK PLAN	1
Fantagio	1
MJ_Dreamsys Company	1
Around US Entertainment	1
 环球音乐	1
乘梦飞翔(北京)文化传播有限公司	1
北京莱可文化传媒有限公司	1
New Wave Records	1
e-stone music(声优)	1
维京唱片	1
LIONHEART ENTERTAINMENT	1
stay-luck（预备）	1
派拉蒙影业公司	1
SMERecords	1
Hollywood Records	1
Universal Canada	1
经纪人：郝经安	1
古oプロジェクト	1
PONY CANYON	1
北京华越文砚文化传媒有限公司	1
浙江天谊影业有限公司	1
Imperial Records（唱片公司）	1
（个人）山水回声工作室	1
嘉行天下工作室	1
N.E.E.T. Recordings	1
北京黄色石头传媒有限公司	1
开心麻花	1
Jive唱片公司	1
LABEL V	1
KW Entertainment	1
盛世艺星	1
SWING Entertainment	1
WORTHY Entertainment	1
Swell Entertainment	1
国韵文化	1
MILLENNIUM PRO	1
AOMG	1
FLASHEEntertainment	1
林翰文化唱片公司	1
晓攀文化传媒（董事长）	1
Stay Luck	1
华纳唱片香港有限公司	1
Npino	1
IN MUSIC银鱼音乐有限公司	1
CANDID	1
北京乐悦文化传媒有限公司	1
张一山工作室	1
Sound Horizon	1
青年座映画放送	1
恒艺亚洲	1
Polydor	1
摩登天空	1
sidusHQ	1
rhythm zone (2009年3月至今	1
Flying Dog(音乐)	1
谢娜工作室	1
Vi-vo（声优事务所）	1
广州可心文化传播有限公司	1
JIHO Entertainment	1
YG K Plus	1
宝利多唱片（2000年-2007年）	1
Maybach Music	1
海南周天娱乐有限公司	1
北京市盈富通科技有限公司	1
广东火烈鸟文化发展有限公司	1
PL entertainment	1
Giza studio	1
泰洋川禾	1
Music Cube	1
Linchpins	1
BOXMEDIA	1
Chambers Records（唱片公司）	1
AMUSE事务所	1
华研国际音乐（全约）	1
CUBE Entertainment	1
よしもとクリエイティブ?エ`ジェンシ`	1
MLD Entertainment	1
Glorious Entertainment	1
花火乐娱（天津）文化经纪有限公司	1
THE BLACK LABEL	1
Partners Park	1
Smash The House	1
King Records（唱片公司）	1
青二Production（事务所）	1
胜利唱片	1
Jive唱片	1
响（事务所）	1
GloryHeaven（唱片公司）	1
Sony Music Artists（日本）	1
Source Music	1
华谊兄弟时尚	1
红熠文化	1
胜利唱片公司	1
环球音乐集团	1
NBCUniversal（唱片公司）	1
Neway Star	1
junction（声优事务所）	1
aptepro	1
Japan Music Entertainment	1
中央军委政治工作部歌舞团	1
Roc-A-Fella	1
Carnival Records	1
隆娱文化	1
芭乐文化传媒	1
台湾华研国际音乐股份有限公司	1
华纳兄弟	1
Toshiba EMI	1
Just Music Entertainment	1
NEWCOME INC.	1
Rainbowbridge World（RBW）	1
滚石国际音乐有限公司	1
Stones Throw	1
广东乐升文化传播有限公司	1
剧团BQ MAP	1
81 Produce	1
赵慧仙工作室	1
北京杨家唱将演艺文化有限公司	1
EMI百代唱片	1
Brand New Music	1
STARSHIP Entertainment	1
CJ E	1
BlockBerryCreative	1
湖南三辰卡通集团	1
Stardom Entertainment	1
共和唱片	1
安徽广播电视台	1
CrystalNavigationInc.	1
STMPD RCRDS （Stampede Records）	1
LOEN娱乐经纪公司	1
北京风火轮音乐文化传播有限公司	1
Roc Nation	1
百娱娱乐	1
圆企划	1
香港无线电视	1
北京美梦辰真文化传媒有限公司	1
PonyCanyon	1
种子音乐	1
乘黄天际（KINGWANG WORLD）	1
英皇娱乐	1
金牌大风娱乐事业有限公司	1
心源和美影业(北京)有限公司	1
株式会社LDH JAPAN	1
YMC Entertainment	1
Music Farm	1
Downtown Records	1
woollimentertainment	1
Yellow Bird	1
UNIVERSAL J	1
SimEntertainment	1
天艺娱乐明星经纪公司	1
Neganetwork	1
佟大为工作室	1
海山	1
 Sony	1
辰星演艺经纪有限公司	1
 Monument	1
GIZA Studio	1
星映环球	1
汽车城唱片	1
Shady Records	1
Lingman & Co	1
BEING	1
IDOL KIDS STORY	1
刺桐花儿童音乐馆	1
星之国际娱乐有限公司	1
八条文化传媒（上海）有限公司	1
h球唱片（唱片）百娱传媒股份有限公司（演出）	1
株式会社ホリプロ（Horipro Inc.）	1
 Madacy等	1
Sweet Power	1
伊诺娱乐	1
百纳星艺文化发展有限公司	1
张艺兴工作室	1
テンプレ`ト（Yellow Tail）	1
5pb(カノックス?フィルム)	1
Caroline唱片	1
Clear Company	1
星娱音乐	1
星光诺亚	1
北京盛天丽音文化公司	1
KONNECT娱乐	1
TVB NEW MEDIA	1
DefSTAR Records（2010年-2013年）	1
泰国CH7台	1
Being	1
广东孔雀唱片公司	1
千源影视	1
Blackground	1
SY6 Entertainment	1
Antenna Music	1
Inhouse Entertainment	1
日光橘子娱乐文创有限公司	1
Label SJ	1
Combination	1
北极星娱乐公司	1
汉森国际娱乐公司	1
北京太合麦田音乐文化发展有限公司	1
树音乐	1
new	1
平英文化传播有限公司	1
华研国际音乐	1
星焕国际有限公司	1
Mnet Media	1
福盛天成	1
哇唧唧哇娱乐文化有限公司	1
doll	1
Management Koo	1
AXL-ONE（声优事务所）	1
Epitaph	1
黄子韬Z.TAO工作室	1
I've	1
音为乐趣	1
Line Entertainment	1
韩国Ax兄弟娱乐（原SIM.Entertainment）	1
现豪记唱片公司	1
AMUSE	1
明星帝国娱乐	1
中艺博悦传媒	1
歌华莱恩	1
NBC Universal Entertainment（唱片公司）	1
青二Junior	1
许晴工作室	1
Off The Record	1
K DASH（日本）	1
XO唱片	1
韩国DSP公司	1
TOHO animation（2013年-）	1
北京天浩盛世文化传播有限公司	1
TOP MEDIA	1
Avex Entertainment Inc（日本）	1
唐嫣工作室	1
Nettwerk	1
唱片公司Victor（2005年）w犬（2007年 - ）	1
研音（经纪约） 索尼（唱片约）	1
Staro Entertainment	1
厂牌V2	1
六月娱乐有限公司	1
霍尔果斯十间影视传媒有限公司	1
Garnet	1
亚神音乐	1
爱朵文化	1
坤宏传媒	1
Sony Music Entertainment	1
红韵音乐公司	1
JI-Promotion	1
艺璇传媒	1
SimTong Entertainment	1
DANIELKON	1
DSP MEDIA	1
GoodGirlMusic	1
Tristone Entertainment	1
自由艺人	1
Big Brother Epic	1
北京潮牌文化传播有限公司	1
轶嘉国际	1
海纳百川娱乐有限公司	1
H brothers Entertainment	1
Fueled by Ramen	1
日本哥伦比亚（歌手）	1
乐华娱乐（YH Entertainment）	1
添翼创越工作室	1
Lantis（唱片公司）	1
北京达意美施文化传媒	1
SME Records	1
华纳	1
VOZATOR	1
蚱蜢音乐	1
アイムエンタ`プライズ	1
MOA Entertainment	1
musicK Entertainment	1
上海谭旋音乐工作室 	1
掌心音乐	1
百娱时代国际传媒有限公司	1
PlummyLou	1
北京金羽轩文化传播有限公司	1
索尼唱片	1
|宝芸能株式会社	1
SidusHQ坤杰影视	1
Rise	1
左立工作室	1
ko	1
2015年6月与SidusHQ公司进行客座签约	1
华楚天音	1
Avex Planning & Development（事务所）	1
James Lavelle	1
NoCopyrightSounds	1
匠心音乐文化传媒	1
北京东方泛音文化传播有限公司	1
JS Entertainment	1
北京裳羽嘉禾传媒	1
艺扬文化	1
北京普天同乐文化传媒有限公司	1
毕节偶像星唱片文化传媒有限公司	1
俞灏明工作室	1
Play M Entertainment	1
星浪潮明星经纪公司	1
乃木坂46合同会社	1
SPACEY（事务所）	1
FLASH UP	1
广州市影业同盟文化发展有限公司	1
Avex Management（日）	1
FUCTORY records	1
YGEntertainment	1
KT Music	1
HappyFace Entertainment	1
圣元文化	1
三井エ`ジェンシ`	1
ROCKDOM ARTISTS	1
EARLY WING	1
日本哥伦比亚	1
Colourful Records（唱片公司）	1
Core Contents Media	1
熊焱国际演艺经纪（北京）有限公司	1
四平市青年文化传媒有限公司	1
北京巨杉音乐	1
宇宙唱片	1
青春你好	1
东嘉娱乐公司	1
A	1
飞碟唱片	1
梦响当然音乐文化传播（上海）有限公司	1
大西洋唱片公司	1
Wave Master	1
BS COMPANY	1
CJ MEDIA LINE	1
星梦娱乐	1
韩国SM	1
Glorious Ent	1
美国广播唱片公司	1
玄觞工作室	1
MaNAGEMENT KOO	1
安庆再芬黄梅艺术剧院	1
WoollimEntertainment	1
NAMOO ACTORS	1
???? ??????	1
Production Ace	1
ZAIN RECORDS（1997年 - 1998年）BMG?BERG（1999年 - 2000年）	1
任真美好有限公司（2018―）	1
拇指计划	1
行星文化（张杰个人音乐厂牌）	1
GIZA studio	1
PACIWOOD	1
Smile	1
东申未来	1
蒋劲夫工作室	1
北京一样音乐文化发展有限公司	1
金牌大风唱片	1
JFJ Productions	1
TEN音乐集团	1
HF MUSWIC COMPANY	1
 Fueled by Ramen	1
PS Company	1
本山传媒	1
IOKCOMPANY	1
Brushfire 	1
wealive (2012~)	1
日本Amuse事务所	1
top media	1
北京黄色石头艺术工作室	1
大泽事务所	1
GYM Entertainment	1
Production baobab	1
HO Entertainment	1
英皇娱乐有限公司	1
福茂唱片音乐股份有限公司	1
和t娱乐	1
How Entertainment	1
The Jackie Chan Group Korea	1
电童文化娱乐	1
太和音乐（服务艺人）	1
Sony BMG Music	1
DNAtionEntertainment	1
Big Hit Entertainment	1
日本艾回公司	1
杭州名星文化传播有限公司	1
stay-luck	1
Rush Style	1
吉翔影坊影视传媒	1
GP basic Entertainmnet	1
三通公司	1
Music Works	1
中国捷特联合公司	1
LLC	1
Cana aria（唱片公司）	1
耳树唱片	1
赞丹洛玛民族文化艺术公司	1
君乐天禧（北京）文化传媒有限公司	1
EVIL LINE RECORDS	1
竹书文化	1
bright idea	1
cube娱乐公司	1
??????	1
杰尼斯事务所	1
Antenna music	1
懦夫救星（北京）文化传媒有限公司	1
BMGル`ムス	1
fortunerest（事务所）	1
 Inc.	1
藤贺事务所	1
海惟传媒	1
300娱乐公司	1
YU-RIN PRO	1
绍兴小百花越剧团	1
Mydoll Entertainment	1
深圳市索卡文化传播有限公司	1
x音	1
トゥインクル	1
极韵文化gogomusic	1
ケイダッシュ	1
黄礼格工作室	1
上海铂熠文化传媒有限公司	1
m&i（事务所）	1
DNEntertainment	1
ア`クレイ	1
Stallion Entertainment	1
CH7	1
rhythm zone	1
ENT 102	1
剧团青年座	1
RCA	1
Ace Crew Entertainment inc.	1
KYT Entertainment	1
哈雅盛世文化传播有限公司	1
DMG	1
上腾娱乐	1
Flying Dog（唱片公司）	1
GadgetLink	1
狂喜文化	1
Kink	1
ラズリ`アロ`	1
Star Crew Entertainment	1
亚神音乐娱乐有限公司	1
西藏自治区藏剧团	1
I'm Enterprise	1
北京光线传媒股份有限公司	1
东京俳优生活协同组合事务所	1
Atlantic Records	1
艾敬工作室	1
北京达意美施音乐科技有限公司	1
环星娱乐	1
环球音乐	1
宝冢歌剧团	1
重庆丝芭文化传媒有限公司	1
长良制作	1
Animo Produce（声优）	1
美国Tonos娱乐有限公司	1
Big Apple事务所	1
北京星路天下文化传媒有限公司	1
北京开心麻花演艺经纪有限公司	1
wintarts	1
Beat Interactive	1
ForeFront	1
角豆唱片	1
北京世纪博湾文化传媒有限公司	1
巨力圣依影视传媒有限公司	1
B-Box	1
华纳音乐公司	1
Velocity Records	1
GongGam Entertainment	1
CAN&J'S Entertainment	1
Starship X Entertainment	1
艾丽卡唱片	1
KI	1
Ulala Company	1
贤Production（事务所）	1
FACTORY RECORDS	1
贤Productin(Junior)	1
E&T Story Entertainment	1
Namooactors	1
STARSHIPEntertainment	1
Lantis	1
voque ting	1
百娱经纪（内地）	1
は田xエ`ジェンシ`→コッカ	1
S.M.Entertainment	1
motorod	1
烽云音乐	1
王宝强工作室	1
明路文化传媒	1
HB Entertainment	1
Amuse	1
Sidus HQ	1
Pure Entertainment	1
Sony Music 	1
星乐娱乐集团	1
Real Collabo	1
UNIVERSAL SIGMA（唱片公司）	1
Dreamville	1
巨星娱乐公司（代表理事）	1
海尧（上海）影视传媒有限公司	1
北京BOX-M盒子音乐唱片	1
オフィス ワタナベ	1
寰亚音乐	1
向日葵剧团	1
Warner Bros. Records Nashville	1
光线传媒有限公司	1
UP-FRONT AGENCY	1
小马奔腾	1
Warner Chappell Music	1
Sony Music Artists	1
STARROAD Entertainment	1
音华娱乐（内地）	1
SM C&C	1
华谊兄弟聚星文化有限公司	1
KP???	1
虞霞音乐工作室	1
A&M	1
华谊兄弟	1
蔡依林工作室	1
天熹娱乐经纪股份有限公司	1
VAST Entertainment & Media	1
北京东亚星光文化传播有限公司	1
达意美施娱乐	1
周冬雨工作室（泰洋川禾）	1
NOVA娱乐	1
江湖娱乐公司	1
北京融其乐文化传媒有限公司	1
PROJECT	1
青柴文化	1
艾回（Avex）	1
深圳市星时代文化有限公司	1
博纳星光文化传媒	1
童乐影视	1
Up-Front Agency	1
GENEON  SISTUS RECORDS	1
Webburning	1
Motown唱片	1
百娱时代（演出）	1
宇航之恋	1
太阳娱乐文化( Suncity 818)	1
Oscar Promotion 艾回	1
Reprise唱片公司	1
银河岁月有限公司	1
FORTUNE ENTERTAINMENT	1
 THE BLACK LABEL	1
hubsub official	1
光线传媒	1
ム`ヴィング?オン	1
Cutting Edge	1
艾回(AVEX)	1
自由演艺人	1
摆渡人音乐工作室	1
东申未来（北京）文化有限公司	1
BMG唱片	1
Capitol	1
吴亦凡工作室	1
Line Eertainment	1
乐华娱乐	1
Remax（事务所）	1
北京长弓文化传媒有限公司	1
乐扑盛世文化公司	1
东阳秋水堂影视有限公司	1
GH Entertainment	1
暗潮传媒	1
株式会社ROCKMAN	1
Kenyu Office	1
ALPHA AGENCY	1
Nega Network	1
北京Smile文化传媒	1
ヴィジョンファクトリ`	1
Angelababy工作室(泰洋川禾）	1
Better Ent	1
上海剧合影视文化有限公司	1
C-jeS Entertainment	1
泰国3台	1
????	1
Production Ace（事务所）	1
SniperSound	1
Shofar Music	1
D Business ENT	1
新蜂音乐	1
JYP Entertainment	1
rimax	1
宝丽多	1
VIMS（事务所）	1
前经纪公司（北京互娱传奇文化传媒有限公司）	1
Eleven	1
ミントアベニュ`	1
源活娱乐	1
INTENTION（事务所）	1
黑猫堂	1
澳大利亚百代唱片	1
爱贝克思管理株式会社	1
东盛国际传媒	1
BLACK SHIP	1
DIVE II Entertainment（唱片公司）	1
Platinum Production	1
Avex Group	1
GMM Grammy	1
北京升阳灵文化传播有限公司	1
艾回经纪公司	1
Holy Peak	1
BaekSang Entertainment	1
JYP公司	1
RCA唱片	1
薯片文化	1
郁音绕梁(北京)文化传播有限公司	1
环球音乐 Universal Music	1
Just Music Ent	1
水星唱片	1
觉醒东方	1
山东影视集团	1
多利安演艺经纪公司	1
星河文化	1
 CMC	1
モノポライズ	1
力加太阳动力文化传播有限公司	1
渡边事务所	1
POPHOLIC	1
百慕文化	1
By2工作室	1
Coridel Entertainment（韩国）	1
星浪潮明星经纪	1
WAVE ON ENTERTAINMENT	1
LDH	1
星娱乐	1
青二事务所（事务所）	1
Horipro艺能事务所所属	1
GIZA studio（2006-2009）	1
Beady Eye	1
ANIPLEX	1
Teichiku Entertainment Inc	1
北京高平文化传媒有限公司	1
北京草台回声文化传播有限公司	1
Johnny's事务所	1
嘉田传媒	1
北京和颂文化经纪有限公司	1
Style Cube	1
Rainbowbridge World	1
Chungchun Music	1
88rising	1
 RCA唱片	1
黄品源工作室	1
Oscar Promotion	1
台湾华纳唱片	1
独立厂牌“十三月”	1
GMM	1
上华唱片（1985~1999）	1
MBK Entertainment	1
星葳娱乐（其他地区）	1
东宝娱乐	1
StarShip Entertainment	1
北京黑龙音乐工作室	1
卡拉时代	1
北京华顺艺恒文化传媒有限公司	1
北京冰封文化传媒	1
EQC唱片	1
Big Hit娱乐公司	1
A-Sketch（2010年 - ）	1
明星帝国	1
MCA Nashville	1
芒果娱乐	1
程琳工作室（唱片）百娱时代（演出）	1
环球音乐公司	1
Lava	1
Creation	1
Monstercat	1
太阳动力文化传播	1
Fair Trade Services	1
百娱时代	1
拉风工作室（Laughing Workshop）	1
81 produce	1
DefJam唱片公司	1
中国电影集团	1
京乐吉本（KYORAKU吉本）	1
Sigma Seven	1
Warner Bros	1
台湾索尼音乐娱乐	1
音华娱乐文化传播	1
北京盛夏星空影视传媒股份有限公司	1
宝丽多唱片	1
ART One s.r.o.	1
北京鸟人艺术推广有限责任公司	1
广州星辉明星经纪公司	1
北京灿亮柒号文化传媒股份有限公司	1
北京嘉娱帝华文化传媒公司	1
SidusHQ	1
CAN Entertainment	1
杰威尔音乐	1
反光镜乐队工作室	1
EPIC	1
研音事务所	1
TEAM Entertainment	1
AVEX	1
Eleven Seven Music	1
FantagioEntertainment	1
Atlantic	1
NBC环球娱乐	1
喻丝圆娱乐集团有限公司	1
北京七宏佳艺文化发展有限公司	1
尾木プロ THE NEXT	1
A-sketch	1
First Access娱乐公司	1
陈家瑛经理人公司	1
NEGANETWORK	1
北京龙翔天乐文化发展有限公司	1
黄英工作室	1
Blossom Entertainment	1
C9 Entertainment	1
北京大圣先之文化传媒有限公司	1
e-stone music	1
蜂鸟音乐有限公司	1
新艺宝唱片	1
北京华谊兄弟音乐有限公司	1
喜鹊娱乐	1
孔子雯工作室	1
华策影视	1
BigHit Entertainment	1
Prodigee Records	1
华谊兄弟音乐公司	1
北京大碗娱乐文化传媒有限公司	1
张翰工作室	1
浙江华体文化传媒有限公司	1
スタ`プレイヤ`ズ	1
韩雪工作室	1
心乐唐文化	1
维港唱片	1
青春Music Ent.	1
北京开心麻花文化发展有限公司	1
Humap Contents	1
King Records(唱片公司）	1
英皇娱乐（香港）百娱时代（内地）	1
"	KING RECORDS（唱片公司）"	1
Imagine	1
万代音乐娱乐公司	1
Rostrum唱片	1
Toy's Factory	1
B-GRAM RECORDS	1
北京世纪乐音文化传媒	1
北京时代峰峻文化艺术发展有限公司	1
未签约	1
北京彝人传奇影视文化工作室	1
CT Entertainment	1
星艺辉国际文化传媒有限公司	1
迪克牛仔工作室	1
哥伦比亚唱片公司	1
フライング?ハイ	1
Dualtone Records	1
北京啊呀啦嗦音乐文化发展公司	1
B.P.RECORDS.	1
北京鱼游国际文化传媒有限公司	1
综艺晓松	1
心动娱乐	1
Aftermath	1
向日葵剧团（声优事务所）	1
大西洋唱片	1
UAA	1
广东孔雀廊	1
Saram Entertainment	1
interparkINT	1
天娱传媒有限公司	1
SBME Korea Oui Entertainment	1
???2works	1
SIM. Entertainment（SIM）	1
北京完美坚持工作室（李健工作室）	1
Sign Of The Times Records	1
バ`チェストン	1
长长星瀚	1
如此有限公司	1
DEARSTAGEinc.	1
北京星工场音乐娱乐有限公司	1
有尬此玩乐工作室 Gutsmusic	1
暂无	1
Virgos Studio	1
JVCKENWOOD Victor Entertainment	1
fortunerest	1
国家东方演艺集团（原国家东方歌舞团）	1
泰洋川禾文化传媒有限公司	1
吉马唱片	1
Sony Music Labels Inc.	1
小沈阳工作室	1
太阳娱乐文化	1
Sigma Seven（事务所）	1
音华娱乐	1
Space Craft	1
C-JeS Entertainment	1
Core Centens Media	1
B2M Entertainment	1
 Inc	1
韩国XING公司	1
惜时Precious-S	1
东京俳优生活协同组合	1
天上智喜	1
维高文化	1
传奇星娱乐	1
李玲玉工作室	1
北京千和世纪文化传播有限公司	1
德云社	1
香港星皓娱乐（香港）百娱时代（内地）	1
Loen Entertainment	1
FAVEEntertainment	1
丰华唱片	1
小臭臭文化传媒有限公司	1
Amuse（配音事务所）	1
大鹏传播	1
United Talent Agency（美国）	1
韩国华谊兄弟	1
 BMG	1
ITM Entertainment	1
格芬唱片公司	1
PRODUCTION ACE	1
Artist Company	1
梦飞翔传媒集团	1
Cooking Vinyl	1
CUBE entertainment	1
crocodeile	1
华研国际	1
十三月唱片	1
H.Kim Music	1
河南郑州峰成文化传播有限公司	1
新髅剿饺擞邢薰司	1
Mountain Movement	1
Music Ray'n	1
CJ Entertainment	1
Epic	1
启韵传媒	1
华音鼎天（北京）音乐文化有限公司	1
ロ`ド&スカイ	1
上海风华秋实文化传媒有限公司	1
Joombas Co Ltd.	1
深圳大龙文化(小龙文化)	1
KING RECORD（唱片公司）	1
Atomic Monkey（事务所）	1
宇乐乐文化传媒	1
TNC company	1
MAKO Amusement.	1
华纳兄弟唱片公司	1
gdh559	1
All-S Company	1
华谊音乐	1
AKB48 (China) Holding Limited	1
种子音乐有限公司	1
AT Production	1
To In Entertainment	1
环球音乐(日本)	1
王鸥工作室	1
Roadrunner Records	1
1st Place（事务所）	1
北京巨匠文化发展有限公司	1
ARTSVISION	1
Shiina Tactix-Music	1
竹书酷乐	1
Doggy Style Records	1
MMO Entertainment	1
DSP	1
CORIDEL ENTERTAINMENT	1
艺能娱乐	1
佘诗曼工作室	1
PolyGram	1
Pony Canyon	1
SidusHQ（韩国）	1
格瑞迪斯文化传播(中国)有限公司	1
树与天空娱乐有限公司	1
新视镜唱片	1
Amuse korea	1
悦凯娱乐	1
北京坤音娱乐经纪有限公司	1
林加格传媒	1
A100Entertainment	1
VP唱片	1
MIYA TERRACE	1
Bridge	1
北京悦音堂文化有限公司	1
Interscope	1
Harvest Records	1
aptepro（声优事务所）	1
D.O Entertainment	1
黄晓明工作室	1
Columbia Records	1
JTM Entertainment	1
Office Augusta	1
NBCUniversal Entertainment Japan	1
北京鹏程映画影视传播有限公司	1
正大国际唱片公司	1
株式会社 尾木プロ THE NEXT	1
北京艾高时代国际文化传媒有限公司	1
Island	1
Last Gang唱片	1
 Avex	1
Sigma Seven（声优事务所）	1
Bighit Ent.	1
Rain company	1
mute	1
J. Tune Camp	1
Republic唱片	1
孟庭苇工作室	1
EMI音乐	1
上海剧励影视传媒有限公司	1
E1 Music	1
声动娱乐 （Mei Entertainment）	1
北京美力星空文化传播有限公司	1
PlumEntertainment	1
ANDYBROS	1
つばさプラス	1
好好榜样	1
PL Entertainment	1
星力天际（内地）红豆股份有限公司（台湾）	1
锦绣万成	1
贤Production（声优事务所）	1
壹样文艺	1
ワンミュ`ジック	1
巨象文化传媒公司	1
金星娱乐	1
北京稻草熊影视文化有限公司	1
天晴娱乐有限公司	1
平田事务所（2003年至2012年）	1
Sublime Artist Agency	1
株式会社长良プロダクション	1
可米瑞智国际艺能有限公司	1
Sony Music Artists Inc.	1
CH3	1
北京白金音乐	1
株式会社オパルス	1
HIGHGRND&drdramc	1
 Sony Wonder	1
DRB Entertainment	1
鹿晗工作室	1
 Mercury	1
剧团俳优座	1
北京万合天宜影视文化有限公司	1
Pro-Fit（准所属）	1
太格印象	1
Top Dawg娱乐公司	1
黄贯中音乐工作室	1
sigma7	1
风和日丽	1
啊呀啦嗦	1
sigma7e	1
海{唱片有限公司	1
可米影视制作	1
株式会社S（经纪公司）	1
KOREANA CLARA CO.LTD.（韩）	1
Parlophone	1
通力时代（北京）文化有限公司	1
香港西土瓦国际集团有限公司	1
梦响当然	1
北京风向乐动数字音乐文化传播有限公司	1
Grick（事务所）	1
Starempire	1
ZHEZA娱乐公司	1
Happy Face Entertainment	1
朴豫文化	1
中唱艺能公司	1
有限会社鲲L真世事账	1
MissDica	1
Nemesis	1
兵马司	1
摩登天空――荔芙娱乐厂牌	1
Sony Music	1
华一国际	1
Universal Music LLC	1
MYSTIC	1
cs娱乐	1
The Invisible Men	1
325E&C	1
福茂唱片 （海外）	1
Big HitEntertainment	1
Space Craft Entertainment	1
Amuse（音乐）	1
EMI（解散前）	1
广州星线文化传播有限公司	1
金翼龙唱片	1
华杰工作室	1
唐古音乐工作室	1
石焱音乐	1
北京龙舞天文化	1
StarChild（唱片公司）	1
北京市龙天腾文化传媒	1
EQ唱片	1
するUSP	1
拾点音乐	1
Peerless Gerbera	1
81 produce（声优）	1
马建涛音乐梦工厂	1
Kiss Entertainment	1
LaFace唱片	1
Pro Fit	1
STARKIM Entertainment	1
Japan Action Enterprise	1
Big Machine Label Group	1
AKIHABA LOVE RECORDS（唱片公司）	1
安乐电影公司	1
SPACE SHOWER MUSIC	1
目前没有签约	1
LOEN Entertainment	1
KOEN STARS（?????）	1
华谊兄弟时代文化经纪有限公司	1
JellyFish Entertainment	1
moon-bunny entertainment	1
华谊兄弟经纪阮经天工作室	1
GENEON ENTERTAINMENT	1
海蝶音乐	1
株式会社Face音乐出版	1
边江工作室	1
北京天亮文化传媒有限公司	1
AB Entertainmen	1
王祖蓝工作室	1
J-FLO Entertainment	1
睿艺环亚（北京）国际文化传媒	1
RCA Records	1
??? Entertainment	1
北京鑫宝源影视投资有限公司	1
君为传播	1
飞图唱片	1
史诗唱片	1
鸣天文化 曾一鸣音乐工作室	1
香港青苹果唱片国际股份有限公司	1
中国匠星娱乐	1
Lantis（歌手）	1
ETM活力时代	1
YG Entertrainment	1
SonyMusic	1
AKS→太田制作	1
Zenith Media Contents	1
奇大音乐	1
Black Hole Entertainmnet	1
Kekke Corporation	1
Being日本	1
Kiramune	1
大雨文化	1
(2002-2011)金牌大风	1
中国歌剧舞剧院	1
ホリプロ（Hori production）	1
1llionaire Records	1
Kaleidoscope	1
青二Production	1
华强数字动漫	1
砂事账	1
北京歌邦文化传媒有限公司	1
成果经纪	1
艾回音乐	1
《Love Lies》	1
北京摩登天空文化发展有限公司	1
北京左岸右港文化传播有限公司	1
湖南和光娱乐经纪有限公司	1
松竹映画	1
CS Happy Entertainment	1
良策传媒	1
陈楚生工作室	1
星冠国际	1
IME娱乐（中国大陆）	1
索尼音乐娱乐公司等	1
北京乐享天承文化传媒有限公司	1
日本索尼音乐娱乐	1
Sigma Seven e	1
傲视翱翔	1
新力音乐	1
Horipro（声优事务所）	1
日本艾回唱片公司	1
AltilanticRecords	1
北京金池音乐公司	1
北京捷特联合	1
环球唱片（唱片）百娱时代（演出）	1
悟空	1
威扬娱乐	1
宏声艺人经纪有限公司	1
CJ E&M	1
Rainbowbridge World(RBW)	1
Spinnin' Records	1
环球唱片公司	1
麦尔文化	1
Island Roots	1
藏香文化传播有限公司	1
Max Mix	1
小美工作室（香港）	1
罗志祥工作室	1
Pledis Entertainment	1
JJ Holic Media	1
S.M. Entertainment（韩国）	1
Allido Records	1
avex trax（2009-2011）	1
Epic Records	1
正大国际（均已解约）	1
Oliniho Records	1
北京缘份天空文化传播有限公司	1
Avex	1
Banana Culture	1
阿尔发音乐	1
spacecraft	1
SM Entertainment	1
MYM Entertainment	1
北京盛世辉文化传播有限公司	1
Starj & Snazz娱乐	1
Universal Republic Records	1
金莎音乐工作室	1
SonyMusic(韩国)与MafiaRecord	1
Sun Music	1
美国哥伦比亚唱片公司	1
北京星光灿烂影视有限公司	1
宁波紫微星空演艺经纪有限公司	1
Management SOOP	1
宏途世纪	1
万万星传播股份有限公司	1
无	1
Fantagio Entertainment	1
天熹娱乐	1
悦声无限	1
北京东方岚乐文化发展有限公司	1
王嘉尔工作室	1
萌扬文化	1
C9 ENTERTAINMENT	1
DSP Media	1
Virgin EMI	1
乐来乐好有限公司（2018―）	1
Mcloud Entertainment	1
Breathe Arts	1
后PFull	1
火箭唱片	1
白百何工作室	1
TOY'S FACTORY（事务所）	1
Republic Nashville	1
摩城唱片	1
种梦传媒集团	1
SACRA MUSIC（唱片公司）	1
FITONE	1
Horipro事务所	1
韩国Top Media公司	1
魔岩唱片	1
28Stage(马来西亚)	1
株式会社アシスト	1
群石国际	1
